0,19,6247.973818
0,20,5710.174223
0,25,15232.22007
0,26,2681.50117
0,23,2015.088547
0,24,11394.40636
0,29,1831.630023
0,30,5021.219443
0,27,16723.5026
0,28,16636.16765
0,65,2583.221036
0,66,3715.497047
0,63,13857.15285
0,64,4338.970633
0,67,6023.378093
0,68,6535.099913
0,33,5911.290071
0,34,1726.40069
0,31,4612.473282
0,32,5508.463115
0,37,10223.10069
0,38,17302.32289
0,35,1603.742098
0,36,7790.088669
0,41,3747.701982
0,42,4239.261851
0,39,2957.75056
0,40,3756.329922
0,45,2554.89198
0,46,3026.997566
0,43,2850.286182
0,44,9701.632151
0,49,2958.92504
0,50,2474.077509
0,47,7560.005536
0,48,4835.029079
0,53,3527.159827
0,54,3031.646453
0,51,1198.81525
0,52,3459.021134
0,57,1710.356572
0,58,7002.377106
0,55,1193.5935
0,56,3024.957843
0,61,6442.348326
0,62,15126.20205
0,59,4636.132767
0,60,7503.778997
0,1,4162.423167
0,2,3807.351249
0,5,10803.44382
0,6,5356.666816
0,3,8706.273563
0,4,9261.670573
0,9,4917.089262
0,10,3344.893962
0,7,2575.295957
0,8,4940.757409
0,13,637.9163699
0,14,3614.23933
0,11,9415.624354
0,12,7716.025016
0,17,3597.148567
0,18,7262.967429
0,15,3890.871944
0,16,2588.052371
0,21,1217.470523
0,22,1759.679572
1,19,2177.277822
1,20,1801.521364
1,25,18651.72518
1,26,2414.609558
1,23,3329.429831
1,24,14568.59331
1,29,5344.658684
1,30,8807.753704
1,27,20170.25445
1,28,20023.25509
1,65,3072.327351
1,66,567.2840107
1,63,17230.5672
1,64,5987.011905
1,67,9833.52467
1,68,10220.08254
1,33,8527.5861
1,34,2669.769828
1,31,8227.127288
1,32,8245.29807
1,37,13531.69454
1,38,20780.86007
1,35,2620.173551
1,36,10841.46216
1,41,7246.625935
1,42,7209.74637
1,39,3226.508165
1,40,7002.698179
1,45,5874.957302
1,46,5001.635551
1,43,5733.095861
1,44,12827.74085
1,49,1227.707774
1,50,2200.271783
1,47,11429.24052
1,48,8761.620163
1,53,6402.016382
1,54,2017.997005
1,51,4633.758513
1,52,7232.034692
1,57,3955.694057
1,58,10510.91363
1,55,3299.162804
1,56,6498.781063
1,61,9327.171046
1,62,18380.93941
1,59,8016.051164
1,60,10503.79066
1,2,956.219791
1,0,4162.423167
1,5,14184.48911
1,6,8598.388258
1,3,11739.5477
1,4,12730.1993
1,9,7205.048985
1,10,4953.268977
1,7,1604.868568
1,8,7564.573227
1,13,3905.591539
1,14,650.0182338
1,11,13055.80678
1,12,11436.42095
1,17,6047.690654
1,18,3105.357677
1,15,453.608034
1,16,4107.975385
1,21,4383.148757
1,22,3755.144076
2,19,2489.601795
2,20,2697.118854
2,25,17838.99702
2,26,1594.87531
2,23,2585.38787
2,24,13725.60155
2,29,4715.687985
2,30,8144.898234
2,27,19359.71346
2,28,19201.35016
2,65,2230.26119
2,66,514.2113276
2,63,16412.60507
2,64,5072.002659
2,67,9165.903944
2,68,9510.632285
2,33,7655.455858
2,34,2135.258564
2,31,7525.340442
2,32,7390.904109
2,37,12715.41356
2,38,19975.71498
2,35,2203.63894
2,36,10000.6747
2,41,6538.200208
2,42,6406.504236
2,39,2328.419901
2,40,6250.294525
2,45,5177.090221
2,46,4152.792732
2,43,4966.660121
2,44,11985.27018
2,49,1295.259353
2,50,1493.602927
2,47,10768.79586
2,48,8149.547974
2,53,5607.37187
2,54,1152.317515
2,51,4049.927225
2,52,6593.680841
2,57,3253.243693
2,58,9754.911971
2,55,3183.613356
2,56,5806.847999
2,61,8477.635467
2,62,17539.33807
2,59,7265.962936
2,60,9658.473764
2,1,956.219791
2,0,3807.351249
2,5,13378.57102
2,6,7812.5568
2,3,10889.92726
2,4,11949.2364
2,9,6319.211707
2,10,4067.899179
2,7,1319.274448
2,8,6707.813316
2,13,3426.306241
2,14,1174.466339
2,11,12313.43562
2,12,10726.61006
2,17,5208.492982
2,18,3599.740452
2,15,1205.758504
2,16,3270.720086
2,21,3779.60621
2,22,3045.522078
3,19,13074.18798
3,20,13540.87092
3,25,7021.998705
3,26,9326.265007
3,23,8446.556862
3,24,2839.051851
3,29,6891.580389
3,30,4276.047709
3,27,8540.901394
3,28,8346.111858
3,65,8671.200191
3,66,11172.26659
3,63,5586.312916
3,64,5962.062609
3,67,3778.758877
3,68,3080.587905
3,33,3265.283507
3,34,9291.640737
3,31,4275.598812
3,32,3499.095471
3,37,2005.864163
3,38,9174.111778
3,35,9508.250047
3,36,919.2013004
3,41,4979.643845
3,42,4587.388968
3,39,8571.251925
3,40,4964.557393
3,45,6186.341887
3,46,6740.692706
3,43,6102.608754
3,44,1108.368563
3,49,10911.04394
3,50,9558.792345
3,47,3704.003248
3,48,4819.351949
3,53,5393.304999
3,54,9743.346425
3,51,7610.917003
3,52,5438.73286
3,57,7904.142237
3,58,2278.524675
3,55,9867.437546
3,56,5681.630461
3,61,2412.912756
3,62,6651.144398
3,59,4085.19439
3,60,1238.220986
3,1,11739.5477
3,2,10889.92726
3,0,8706.273563
3,5,2719.133789
3,6,3350.589474
3,4,1928.274136
3,9,4622.036148
3,10,6836.521001
3,7,10365.57197
3,8,4182.38774
3,13,8465.822634
3,14,11487.73901
3,11,2809.832751
3,12,2884.179501
3,17,5691.911404
3,18,14260.60094
3,15,11719.84864
3,16,7632.103314
3,21,7751.41181
3,22,8080.081732
4,19,14265.82487
4,20,14513.66622
4,25,5975.081926
4,26,10355.97072
4,23,9400.994345
4,24,2434.146811
4,29,7550.050001
4,30,4323.24075
4,27,7477.314122
4,28,7375.690755
4,65,9722.485745
4,66,12168.10363
4,63,4596.569417
4,64,7302.932821
4,67,3460.582442
4,68,2805.113001
4,33,4662.849833
4,34,10146.78158
4,31,4649.757277
4,32,4754.293126
4,37,1160.281007
4,38,8071.701608
4,35,10313.40534
4,36,2342.849332
4,41,5563.542415
4,42,5547.058348
4,39,9691.863031
4,40,5733.898493
4,45,6911.972401
4,46,7833.986714
4,43,6997.178936
4,44,1513.685796
4,49,11780.5877
4,50,10530.23614
4,47,2575.93264
4,48,4707.922402
4,53,6341.887894
4,54,10798.32464
4,51,8296.56485
4,52,5811.11457
4,57,8787.180414
4,58,2261.343201
4,55,10454.28615
4,56,6320.717021
4,61,3730.103805
4,62,5899.720607
4,59,4729.774599
4,60,2675.506307
4,1,12730.1993
4,2,11949.2364
4,0,9261.670573
4,5,1565.774564
4,6,4136.746504
4,3,1928.274136
4,9,5956.208397
4,10,8013.450896
4,7,11249.70865
4,8,5403.756058
4,13,9147.045786
4,14,12397.78539
4,11,904.0023921
4,12,1876.826505
4,17,6782.707107
4,18,15447.35838
4,15,12648.71054
4,16,8688.625654
4,21,8488.279299
4,22,8982.132507
5,19,15646.52909
5,20,15976.66422
5,25,4469.437151
5,26,11791.4161
5,23,10857.456
5,24,1131.234027
5,29,9069.58694
5,30,5887.806256
5,27,5986.032767
5,28,5854.918383
5,65,11148.30983
5,66,13619.55029
5,63,3062.067675
5,64,8589.807011
5,67,5021.195954
5,68,4370.846742
5,33,5895.165158
5,34,11633.48337
5,31,6192.034776
5,32,6059.07594
5,37,713.2792762
5,38,6597.585423
5,35,11812.75739
5,36,3469.540489
5,41,7083.537049
5,42,6976.071692
5,39,11091.65303
5,40,7217.401889
5,45,8414.716096
5,46,9235.980803
5,43,8458.849795
5,44,1693.002302
5,49,13267.81286
5,50,11985.23451
5,47,3995.6429
5,48,6271.772749
5,53,7782.524483
5,54,12226.2617
5,51,9814.27553
5,52,7361.794666
5,57,10261.70476
5,58,3803.410672
5,55,11994.38102
5,56,7836.748538
5,61,4983.984876
5,62,4336.579149
5,59,6228.899505
5,60,3824.759806
5,1,14184.48911
5,2,13378.57102
5,0,10803.44382
5,6,5592.319926
5,3,2719.133789
5,4,1565.774564
5,9,7237.171476
5,10,9382.886768
5,7,12731.8598
5,8,6732.926774
5,13,10668.58675
5,14,13875.46086
5,11,1859.12146
5,12,3389.396094
5,17,8178.692538
5,18,16831.89309
5,15,14121.57565
5,16,10108.43822
5,21,9996.557944
5,22,10452.22838
6,19,10145.20727
6,20,10386.93446
6,25,10061.75643
6,26,6219.235893
6,23,5269.194456
6,24,6069.863529
6,29,3549.486431
6,30,1674.534434
6,27,11577.41698
6,28,11443.43265
6,65,5586.684417
6,66,8034.976925
6,63,8648.673224
6,64,3393.777509
6,67,2128.037766
6,68,2023.235811
6,33,1497.130308
6,34,6044.419367
6,31,1174.586159
6,32,1188.105793
6,37,4956.728609
6,38,12184.46873
6,35,6233.351046
6,36,2437.170244
6,41,1637.75856
6,42,1419.418724
6,39,5567.091604
6,40,1638.556291
6,45,2856.994423
6,46,3714.146817
6,43,2867.359415
6,44,4355.092233
6,49,7678.010875
6,50,6398.141036
6,47,3476.326208
6,48,2253.752471
6,53,2205.389461
6,54,6661.887632
6,51,4278.887712
6,52,2179.155906
6,57,4669.570354
6,58,1987.373425
6,55,6522.888035
6,56,2331.709155
6,61,1305.189828
6,62,9850.063515
6,59,752.1100531
6,60,2168.940592
6,1,8598.388258
6,2,7812.5568
6,0,5356.666816
6,5,5592.319926
6,3,3350.589474
6,4,4136.746504
6,9,2180.533959
6,10,3927.797348
6,7,7140.525526
6,8,1545.304584
6,13,5136.565545
6,14,8283.217815
6,11,4546.88122
6,12,3125.169101
6,17,2677.932774
6,18,11323.32596
6,15,8529.370163
6,16,4555.387764
6,21,4436.974252
6,22,4859.952854
7,19,3678.148014
7,20,3291.168307
7,25,17200.93549
7,26,1320.345036
7,23,1934.21155
7,24,13172.9185
7,29,3777.024179
7,30,7241.630828
7,27,18714.71598
7,28,18583.95438
7,65,1899.918277
7,66,1141.297882
7,63,15789.1923
7,64,4862.659634
7,67,8267.47373
7,68,8679.632283
7,33,7223.806885
7,34,1105.83289
7,31,6687.884106
7,32,6903.920409
7,37,12095.31348
7,38,19317.54889
7,35,1015.86586
7,36,9455.015553
7,41,5717.756527
7,42,5787.974412
7,39,2204.792692
7,40,5517.448777
7,45,4348.753289
7,46,3708.901038
7,43,4280.315262
7,44,11436.2388
7,49,547.9301908
7,50,935.5716568
7,47,9856.737572
7,48,7173.516481
7,53,4977.604265
7,54,1206.108319
7,51,3051.09041
7,52,5658.51697
7,57,2472.094532
7,58,9009.905744
7,55,1864.359371
7,56,4962.210445
7,61,7966.528054
7,62,16975.3222
7,59,6520.593505
7,60,9127.520336
7,1,1604.868568
7,2,1319.274448
7,0,2575.295957
7,5,12731.8598
7,6,7140.525526
7,3,10365.57197
7,4,11249.70865
7,9,5954.325286
7,10,3758.52193
7,8,6235.91782
7,13,2301.800503
7,14,1151.312175
7,11,11535.50414
7,12,9893.365967
7,17,4706.309689
7,18,4691.06687
7,15,1412.951698
7,16,2829.449168
7,21,2812.215982
7,22,2287.832302
8,19,8917.308942
8,20,9366.014613
8,25,11163.85142
8,26,5149.981091
8,23,4303.035435
8,24,7019.666596
8,29,3144.920932
8,30,2982.920791
8,27,12685.81337
8,28,12510.96381
8,65,4493.022621
8,66,6997.556653
8,63,9731.359828
8,64,1912.134384
8,67,3638.272185
8,68,3566.92943
8,33,997.4054995
8,34,5193.798024
8,31,2262.775122
8,32,683.4375675
8,37,6048.723114
8,38,13310.29311
8,35,5442.412929
8,36,3300.780446
8,41,1943.87728
8,42,853.7391867
8,39,4389.559238
8,40,1494.243789
8,45,2436.408089
8,46,2562.947422
8,43,2106.00151
8,44,5280.634746
8,49,6783.792417
8,50,5397.485514
8,47,5020.752735
8,48,3465.949774
8,53,1413.821998
8,54,5562.442998
8,51,3751.696368
8,52,2656.358351
8,57,3818.041295
8,58,3439.623114
8,55,6002.277959
8,56,2217.916117
8,61,1771.870967
8,62,10833.01874
8,59,1618.103125
8,60,2954.296612
8,1,7564.573227
8,2,6707.813316
8,0,4940.757409
8,5,6732.926774
8,6,1545.304584
8,3,4182.38774
8,4,5403.756058
8,9,635.3461419
8,10,2659.232394
8,7,6235.91782
8,13,4556.482181
8,14,7337.740676
8,11,5935.73442
8,12,4633.911558
8,17,1529.830731
8,18,10103.46045
8,15,7561.693408
8,16,3457.410896
8,21,3817.908841
8,22,3974.993812
9,19,8452.773537
9,20,9001.790619
9,25,11636.89769
9,26,4798.78501
9,23,4025.740199
9,24,7458.0711
9,29,3202.103769
9,30,3580.730117
9,27,13157.70322
9,28,12968.05642
9,65,4140.418706
9,66,6640.87159
9,63,10201.72086
9,64,1353.129509
9,67,4268.348061
9,68,4201.394738
9,33,1356.770324
9,34,4956.399264
9,31,2841.548891
9,32,1204.006408
9,37,6542.212306
9,38,13787.4876
9,35,5230.014569
9,36,3775.037551
9,41,2379.15161
9,42,1268.062994
9,39,3990.796869
9,40,1863.170239
9,45,2544.931096
9,46,2245.525928
9,43,2079.319664
9,44,5729.3875
9,49,6500.704505
9,50,5078.912103
9,47,5655.370558
9,48,4036.996905
9,53,1499.068849
9,54,5188.922428
9,51,3718.523903
9,52,3074.571479
9,57,3618.37682
9,58,4053.39898
9,55,5907.757835
9,56,2480.586547
9,61,2253.506893
9,62,11263.47634
9,59,2206.513688
9,60,3421.411922
9,1,7205.048985
9,2,6319.211707
9,0,4917.089262
9,5,7237.171476
9,6,2180.533959
9,3,4622.036148
9,4,5956.208397
9,10,2252.766811
9,7,5954.325286
9,8,635.3461419
9,13,4468.096607
9,14,7023.873497
9,11,6522.011385
9,12,5257.982131
9,17,1333.337693
9,18,9639.049471
9,15,7234.972261
9,16,3130.923279
9,21,3737.459129
9,22,3751.696539
10,19,6263.738709
10,20,6749.126221
10,25,13822.04497
10,26,2553.309617
10,23,1880.333319
10,24,9675.346916
10,29,2251.315786
10,30,4721.662524
10,27,15344.01883
10,28,15170.17459
10,65,1897.846998
10,66,4389.973175
10,63,12390.09107
10,64,1118.819423
10,67,5658.916637
10,68,5831.85607
10,33,3588.93798
10,34,2845.131351
10,31,3982.993606
10,32,3341.680001
10,37,8703.802861
10,38,15967.36855
10,35,3155.679141
10,36,5959.95094
10,41,3068.227809
10,42,2518.172751
10,39,1740.036376
10,40,2600.543887
10,45,2074.319645
10,46,417.2104537
10,43,1496.091573
10,44,7937.879683
10,49,4298.275178
10,50,2854.251695
10,47,7223.388898
10,48,4948.545528
10,53,1826.379956
10,54,2936.36819
10,51,2301.521351
10,52,3468.101278
10,57,1693.733107
10,58,5914.896514
10,55,4066.750265
10,56,2554.518633
10,61,4430.264667
10,62,13487.46928
10,59,3537.99939
10,60,5612.70861
10,1,4953.268977
10,2,4067.899179
10,0,3344.893962
10,5,9382.886768
10,6,3927.797348
10,3,6836.521001
10,4,8013.450896
10,9,2252.766811
10,7,3758.52193
10,8,2659.232394
10,13,2752.326487
10,14,4791.959389
10,11,8473.050929
10,12,7011.664297
10,17,1252.905677
10,18,7449.007933
10,15,4994.63126
10,16,948.8268067
10,21,2159.240286
10,22,1745.951398
11,19,14681.73189
11,20,14820.22814
11,25,5887.039723
11,26,10719.19859
11,23,9739.07131
11,24,2935.30659
11,29,7781.312757
11,30,4398.657142
11,27,7342.522918
11,28,7297.966966
11,65,10102.36444
11,66,12500.07382
11,63,4598.253402
11,64,7847.839583
11,67,3430.817558
11,68,2881.741896
11,33,5288.279211
11,34,10429.69666
11,31,4854.079582
11,32,5320.707981
11,37,1782.880038
11,38,7902.832596
11,35,10570.99468
11,36,3107.35758
11,41,5817.759834
11,42,5964.681759
11,39,10104.8148
11,40,6063.296199
11,45,7188.08105
11,46,8257.986228
11,43,7347.156362
11,44,2384.918743
11,49,12054.94023
11,50,10864.13512
11,47,2182.135296
11,48,4683.288005
11,53,6731.466569
11,54,11169.53874
11,51,8526.112086
11,52,5960.980447
11,57,9100.115979
11,58,2565.787875
11,55,10607.76289
11,56,6573.853753
11,61,4363.252538
11,62,5983.346796
11,59,5047.541896
11,60,3413.007357
11,1,13055.80678
11,2,12313.43562
11,0,9415.624354
11,5,1859.12146
11,6,4546.88122
11,3,2809.832751
11,4,904.0023921
11,9,6522.011385
11,10,8473.050929
11,7,11535.50414
11,8,5935.73442
11,13,9361.198128
11,14,12686.81018
11,12,1719.48774
11,17,7224.684368
11,18,15855.75671
11,15,12945.02197
11,16,9083.304031
11,21,8738.232974
11,22,9301.168973
12,19,13134.09457
12,20,13183.8687
12,25,7604.163742
12,26,9138.342931
12,23,8142.243701
12,24,4310.76156
12,29,6121.865346
12,30,2694.849497
12,27,9061.96514
12,28,9015.238103
12,65,8539.966114
12,66,10886.95486
12,63,6297.200949
12,64,6516.736221
12,67,1711.88144
12,68,1216.744578
12,33,4192.394898
12,34,8789.359974
12,31,3209.297916
12,32,4106.09219
12,37,3034.497302
12,38,9620.481296
12,35,8914.739125
12,36,2632.464501
12,41,4191.97406
12,42,4497.224226
12,39,8574.993867
12,40,4497.054307
12,45,5562.130607
12,46,6756.973758
12,43,5780.789114
12,44,3119.372935
12,49,10404.3631
12,50,9258.402253
12,47,821.1432645
12,48,2963.98627
12,53,5214.415799
12,54,9593.503868
12,51,6861.8667
12,52,4272.602345
12,57,7487.189421
12,58,1239.459342
12,55,8906.058349
12,56,4937.744099
12,61,3352.938253
12,62,7661.483965
12,59,3494.340817
12,60,2796.653606
12,1,11436.42095
12,2,10726.61006
12,0,7716.025016
12,5,3389.396094
12,6,3125.169101
12,3,2884.179501
12,4,1876.826505
12,9,5257.982131
12,10,7011.664297
12,7,9893.365967
12,8,4633.911558
12,13,7685.868092
12,14,11043.6657
12,11,1719.48774
12,17,5759.919237
12,18,14297.8121
12,15,11305.8953
12,16,7542.657101
12,21,7084.611271
12,22,7691.728719
13,19,5906.618601
13,20,5557.503287
13,25,15121.527
13,26,2145.993331
13,23,1391.43945
13,24,11204.61713
13,29,1599.07456
13,30,5003.672444
13,27,16623.66901
13,28,16518.76994
13,65,1973.151179
13,66,3411.105115
13,63,13729.87274
13,64,3783.666373
13,67,6024.576838
13,68,6483.392877
13,33,5544.992813
13,34,1291.279699
13,31,4512.750637
13,32,5160.58631
13,37,10064.61098
13,38,17212.99086
13,35,1285.959949
13,36,7546.65275
13,41,3585.428987
13,42,3918.794103
13,39,2336.606525
13,40,3503.314751
13,45,2280.982493
13,46,2460.658721
13,43,2450.934178
13,44,9491.067841
13,49,2763.106981
13,50,1999.903678
13,47,7597.649769
13,48,4892.999768
13,53,3157.964559
13,54,2535.317224
13,51,857.9380926
13,52,3416.419579
13,57,1084.79497
13,58,6887.161711
13,55,1446.273792
13,56,2832.394434
13,61,6143.306357
13,62,14969.28738
13,59,4448.208824
13,60,7244.829072
13,1,3905.591539
13,2,3426.306241
13,0,637.9163699
13,5,10668.58675
13,6,5136.565545
13,3,8465.822634
13,4,9147.045786
13,9,4468.096607
13,10,2752.326487
13,7,2301.800503
13,8,4556.482181
13,14,3419.459608
13,11,9361.198128
13,12,7685.868092
13,17,3135.328932
13,18,6969.686287
13,15,3692.410494
13,16,1959.306403
13,21,738.5859379
13,22,1122.544624
14,19,2820.487581
14,20,2143.888395
14,25,18344.85948
14,26,2246.791683
14,23,3041.264498
14,24,14302.81958
14,29,4925.009635
14,30,8387.874651
14,27,19859.67485
14,28,19725.72767
14,65,2895.041026
14,66,662.7151362
14,63,16931.03632
14,64,5868.953521
14,67,9413.37024
14,68,9830.318995
14,33,8317.932325
14,34,2257.117592
14,31,7838.887417
14,32,8011.640124
14,37,13235.30614
14,38,20463.89259
14,35,2142.650295
14,36,10580.45369
14,41,6869.057235
14,42,6920.326502
14,39,3122.41683
14,40,6664.36201
14,45,5499.825789
14,46,4787.230593
14,43,5418.758162
14,44,12564.27427
14,49,658.8845879
14,50,1945.277841
14,47,10999.69072
14,48,8308.018251
14,53,6109.461014
14,54,1935.409169
14,51,4194.372332
14,52,6802.937181
14,57,3613.797123
14,58,10160.05192
14,55,2685.289399
14,56,6113.493326
14,61,9082.388866
14,62,18108.87173
14,59,7669.542562
14,60,10249.56322
14,1,650.0182338
14,2,1174.466339
14,0,3614.23933
14,5,13875.46086
14,6,8283.217815
14,3,11487.73901
14,4,12397.78539
14,9,7023.873497
14,10,4791.959389
14,7,1151.312175
14,8,7337.740676
14,13,3419.459608
14,11,12686.81018
14,12,11043.6657
14,17,5809.063309
14,18,3701.406865
14,15,276.6339253
14,16,3894.454465
14,21,3960.48719
14,22,3424.202847
15,19,2579.693452
15,20,1878.227181
15,25,18590.98215
15,26,2442.002916
15,23,3275.022208
15,24,14538.93974
15,29,5189.837651
15,30,8654.029343
15,27,20106.72765
15,28,19969.87484
15,65,3097.091739
15,66,702.6344371
15,63,17175.39527
15,64,6060.032479
15,67,9679.764163
15,68,10091.82391
15,33,8537.826849
15,34,2516.783773
15,31,8099.635124
15,32,8237.801398
15,37,13478.4791
15,38,20712.36857
15,35,2413.024077
15,36,10814.61605
15,41,7127.493195
15,42,7159.856984
15,39,3302.541033
15,40,6914.812144
15,45,5757.05487
15,46,5005.203181
15,43,5662.995429
15,44,12799.52215
15,49,934.7119254
15,50,2164.209381
15,47,11267.68521
15,48,8578.828764
15,53,6349.17651
15,54,2099.584896
15,51,4461.796135
15,52,7070.076703
15,57,3861.9267
15,58,10414.32433
15,55,2954.463563
15,56,6373.012084
15,61,9311.943457
15,62,18346.97202
15,59,7922.181549
15,60,10481.93411
15,1,453.608034
15,2,1205.758504
15,0,3890.871944
15,5,14121.57565
15,6,8529.370163
15,3,11719.84864
15,4,12648.71054
15,9,7234.972261
15,10,4994.63126
15,7,1412.951698
15,8,7561.693408
15,13,3692.410494
15,14,276.6339253
15,11,12945.02197
15,12,11305.8953
15,17,6034.906135
15,18,3433.572132
15,16,4110.443798
15,21,4225.04964
15,22,3669.449514
16,19,5599.293513
16,20,5909.491244
16,25,14568.28409
16,26,1694.171164
16,23,931.5146084
16,24,10463.39744
16,29,2006.069154
16,30,5076.218274
16,27,16088.99746
16,28,15931.56274
16,65,1041.404213
16,66,3540.776502
16,63,13142.15165
16,64,2067.631009
16,67,6068.61706
16,68,6335.764883
16,33,4427.907868
16,34,1896.442977
16,31,4389.584688
16,32,4137.457893
16,37,9444.723073
16,38,16705.26735
16,35,2209.375279
16,36,6736.527686
16,41,3412.886206
16,42,3141.67207
16,39,1035.224316
16,40,3046.154979
16,45,2151.811458
16,46,895.3979068
16,43,1769.894313
16,44,8722.505909
16,49,3373.736493
16,50,1949.196731
16,47,7665.410663
16,48,5198.926418
16,53,2353.135063
16,54,2118.761143
16,51,1749.290829
16,52,3640.941927
16,57,877.8981322
16,58,6518.12149
16,55,3171.921312
16,56,2752.78246
16,61,5219.436693
16,62,14276.67798
16,59,4051.443025
16,60,6397.163715
16,1,4107.975385
16,2,3270.720086
16,0,2588.052371
16,5,10108.43822
16,6,4555.387764
16,3,7632.103314
16,4,8688.625654
16,9,3130.923279
16,10,948.8268067
16,7,2829.449168
16,8,3457.410896
16,13,1959.306403
16,14,3894.454465
16,11,9083.304031
16,12,7542.657101
16,17,1941.336858
16,18,6772.532546
16,15,4110.443798
16,21,1524.309161
16,22,859.7884091
17,19,7483.194798
17,20,7848.964601
17,25,12633.10582
17,26,3635.203115
17,23,2773.205843
17,24,8522.106225
17,29,1957.829873
17,30,3537.608932
17,27,14154.41116
17,28,13993.01929
17,65,2982.162623
17,66,5480.406652
17,63,11205.22255
17,64,1143.778578
17,67,4439.823344
17,68,4584.781693
17,33,2519.153044
17,34,3670.867904
17,31,2782.077004
17,32,2202.925235
17,37,7509.637822
17,38,14772.93918
17,35,3928.822775
17,36,4795.191658
17,41,1937.295693
17,42,1265.293315
17,39,2913.790827
17,40,1417.594462
17,45,1406.48989
17,46,1057.503518
17,43,819.8978441
17,44,6781.204107
17,49,5254.21514
17,50,3871.090032
17,47,5987.604799
17,48,3827.226633
17,53,643.2904371
17,54,4057.919828
17,51,2401.851405
17,52,2467.863293
17,57,2306.613946
17,58,4664.030767
17,55,4574.425079
17,56,1620.678431
17,61,3280.005296
17,62,12335.34315
17,59,2297.924045
17,60,4456.218585
17,1,6047.690654
17,2,5208.492982
17,0,3597.148567
17,5,8178.692538
17,6,2677.932774
17,3,5691.911404
17,4,6782.707107
17,9,1333.337693
17,10,1252.905677
17,7,4706.309689
17,8,1529.830731
17,13,3135.328932
17,14,5809.063309
17,11,7224.684368
17,12,5759.919237
17,18,8665.354924
17,15,6034.906135
17,16,1941.336858
17,21,2406.808637
17,22,2454.147453
18,19,1186.542067
18,20,2103.628746
18,25,21266.21091
18,26,5165.52819
18,23,6174.100928
18,24,17097.07469
18,29,8315.107572
18,30,11739.7019
18,27,22788.04389
18,28,22605.68566
18,65,5758.769391
18,66,3559.992262
18,63,19832.65278
18,64,8310.180312
18,67,12758.44833
18,68,13084.32051
18,33,10995.71422
18,34,5694.991112
18,31,11107.46047
18,32,10782.89871
18,37,16151.72443
18,38,23413.59799
18,35,5695.153895
18,36,13399.66588
18,41,10119.82796
18,42,9905.185715
18,39,5756.662686
18,40,9805.182698
18,45,8767.182242
18,46,7613.564701
18,43,8519.20225
18,44,15367.14259
18,49,4329.202958
18,50,5092.991131
18,47,14362.06675
18,48,11749.13214
18,53,9125.23837
18,54,4707.980705
18,51,7641.026683
18,52,10193.09848
18,57,6848.966168
18,58,13290.6529
18,55,6386.695507
18,56,9397.13978
18,61,11869.06515
18,62,20899.83861
18,59,10817.41239
18,60,13049.36109
18,1,3105.357677
18,2,3599.740452
18,0,7262.967429
18,5,16831.89309
18,6,11323.32596
18,3,14260.60094
18,4,15447.35838
18,9,9639.049471
18,10,7449.007933
18,7,4691.06687
18,8,10103.46045
18,13,6969.686287
18,14,3701.406865
18,11,15855.75671
18,12,14297.8121
18,17,8665.354924
18,15,3433.572132
18,16,6772.532546
18,21,7374.422496
18,22,6640.647609
19,20,1932.837875
19,25,20079.78181
19,26,4018.276351
19,23,5031.809195
19,24,15910.83758
19,29,7193.106537
19,30,10595.29896
19,27,21601.59903
19,28,21419.17282
19,65,4594.827791
19,66,2537.714377
19,63,18646.16882
19,64,7125.254694
19,67,11610.48001
19,68,11922.4047
19,33,9809.392191
19,34,4618.588332
19,31,9951.689303
19,32,9596.550004
19,37,14965.75624
19,38,22227.3039
19,35,4654.18825
19,36,12213.17859
19,41,8964.64896
19,42,8726.369269
19,39,4578.230945
19,40,8638.385026
19,45,7620.193041
19,46,6433.144866
19,43,7353.400594
19,44,14180.66262
19,49,3390.594183
19,50,3977.118302
19,47,13214.19363
19,48,10623.32834
19,53,7950.278694
19,54,3559.653615
19,51,6537.981371
19,52,9061.114286
19,57,5712.18415
19,58,12116.09561
19,55,5464.322198
19,56,8249.524341
19,61,10682.59588
19,62,19714.16532
19,59,9648.544163
19,60,11862.83356
19,1,2177.277822
19,2,2489.601795
19,0,6247.973818
19,5,15646.52909
19,6,10145.20727
19,3,13074.18798
19,4,14265.82487
19,9,8452.773537
19,10,6263.738709
19,7,3678.148014
19,8,8917.308942
19,13,5906.618601
19,14,2820.487581
19,11,14681.73189
19,12,13134.09457
19,17,7483.194798
19,18,1186.542067
19,15,2579.693452
19,16,5599.293513
19,21,6265.844189
19,22,5503.540854
20,19,1932.837875
20,25,20445.11087
20,26,4216.035234
20,23,5119.275739
20,24,16369.18042
20,29,7067.864295
20,30,10531.52843
20,27,21962.69522
20,28,21819.16973
20,65,4873.40944
20,66,2368.727103
20,63,19025.74995
20,64,7768.257571
20,67,11557.11424
20,68,11969.54437
20,33,10327.74429
20,34,4394.522404
20,31,9977.065007
20,32,10046.81371
20,37,15327.14266
20,38,22571.32416
20,35,4285.780669
20,36,12642.12741
20,41,9003.447649
20,42,9004.80573
20,39,5015.666973
20,40,8781.028664
20,45,7632.255043
20,46,6803.099195
20,43,7519.707068
20,44,14628.39776
20,49,2795.239311
20,50,3992.619568
20,47,13143.48333
20,48,10449.32112
20,53,8195.762211
20,54,3812.89463
20,51,6338.254063
20,52,8946.81271
20,57,5727.882643
20,58,12285.05012
20,55,4675.994275
20,56,8249.863185
20,61,11128.59992
20,62,20181.11928
20,59,9791.235746
20,60,12304.90671
20,1,1801.521364
20,2,2697.118854
20,0,5710.174223
20,5,15976.66422
20,6,10386.93446
20,3,13540.87092
20,4,14513.66622
20,9,9001.790619
20,10,6749.126221
20,7,3291.168307
20,8,9366.014613
20,13,5557.503287
20,14,2143.888395
20,11,14820.22814
20,12,13183.8687
20,17,7848.964601
20,18,2103.628746
20,15,1878.227181
20,16,5909.491244
20,21,6103.117264
20,22,5531.628324
21,19,6265.844189
21,20,6103.117264
21,25,14457.83639
21,26,2306.767214
21,23,1339.194604
21,24,10506.60353
21,29,964.8098788
21,30,4429.914782
21,27,15964.83161
21,28,15850.70938
21,65,1923.427058
21,66,3852.793566
21,63,13058.60651
21,64,3123.481342
21,67,5455.892707
21,68,5872.868398
21,33,4806.837342
21,34,1714.783001
21,31,3884.747871
21,32,4424.187839
21,37,9381.709836
21,38,16559.58037
21,35,1832.761751
21,36,6832.333057
21,41,2928.443273
21,42,3189.072797
21,39,2204.712577
21,40,2798.786088
21,45,1583.272898
21,46,1819.336862
21,43,1712.527655
21,44,8786.372689
21,49,3319.840844
21,50,2288.758389
21,47,7047.845617
21,48,4383.420847
21,53,2421.115401
21,54,2749.847976
21,51,283.8672417
21,52,2849.48869
21,57,723.4794385
21,58,6234.282832
21,55,2184.716994
21,56,2169.829237
21,61,5414.710101
21,62,14282.94018
21,59,3767.796667
21,60,6525.850858
21,1,4383.148757
21,2,3779.60621
21,0,1217.470523
21,5,9996.557944
21,6,4436.974252
21,3,7751.41181
21,4,8488.279299
21,9,3737.459129
21,10,2159.240286
21,7,2812.215982
21,8,3817.908841
21,13,738.5859379
21,14,3960.48719
21,11,8738.232974
21,12,7084.611271
21,17,2406.808637
21,18,7374.422496
21,15,4225.04964
21,16,1524.309161
21,22,888.9238208
22,19,5503.540854
22,20,5531.628324
22,25,14921.6593
22,26,1490.151309
22,23,478.109855
22,24,10885.10554
22,29,1706.556217
22,30,5099.721061
22,27,16437.27838
22,28,16301.61392
22,65,1038.152681
22,66,3199.105155
22,63,13506.9594
22,64,2844.616182
22,67,6120.381935
22,68,6475.005421
22,33,4969.938227
22,34,1219.03942
22,31,4485.116012
22,32,4633.25602
22,37,9811.118338
22,38,17043.19272
22,35,1478.387577
22,36,7168.303269
22,41,3499.835437
22,42,3500.145171
22,39,1319.860279
22,40,3249.673927
22,45,2133.127692
22,46,1548.155236
22,43,1994.563374
22,44,9148.671888
22,49,2831.60667
22,50,1566.678834
22,47,7723.339007
22,48,5121.961836
22,53,2689.862846
22,54,1947.161531
22,51,1168.155045
22,52,3557.71211
22,57,208.6433319
22,58,6756.345081
22,55,2324.142263
22,56,2762.297974
22,61,5686.191239
22,62,14687.8246
22,59,4261.554223
22,60,6842.386965
22,1,3755.144076
22,2,3045.522078
22,0,1759.679572
22,5,10452.22838
22,6,4859.952854
22,3,8080.081732
22,4,8982.132507
22,9,3751.696539
22,10,1745.951398
22,7,2287.832302
22,8,3974.993812
22,13,1122.544624
22,14,3424.202847
22,11,9301.168973
22,12,7691.728719
22,17,2454.147453
22,18,6640.647609
22,15,3669.449514
22,16,859.7884091
22,21,888.9238208
23,19,5031.809195
23,20,5119.275739
23,25,15325.83836
23,26,1014.706691
23,24,11263.92477
23,29,2184.66083
23,30,5565.918472
23,27,16843.48646
23,28,16700.76896
23,65,598.4973665
23,66,2767.250437
23,63,13906.97191
23,64,2999.113276
23,67,6584.400769
23,68,6925.969831
23,33,5289.735852
23,34,965.5852254
23,31,4939.953708
23,32,4973.452993
23,37,10208.68648
23,38,17452.75204
23,35,1284.811821
23,36,7540.016617
23,41,3952.844091
23,42,3887.043924
23,39,945.1872464
23,40,3678.009935
23,45,2593.413426
23,46,1781.510766
23,43,2403.81782
23,44,9524.612053
23,49,2482.087521
23,50,1129.247297
23,47,8187.975114
23,48,5597.141866
23,53,3077.121796
23,54,1472.853377
23,51,1622.636379
23,52,4031.398686
23,57,684.9939707
23,58,7186.982132
23,55,2338.077059
23,56,3223.400321
23,61,6041.474643
23,62,15072.18751
23,59,4693.180832
23,60,7208.413465
23,1,3329.429831
23,2,2585.38787
23,0,2015.088547
23,5,10857.456
23,6,5269.194456
23,3,8446.556862
23,4,9400.994345
23,9,4025.740199
23,10,1880.333319
23,7,1934.21155
23,8,4303.035435
23,13,1391.43945
23,14,3041.264498
23,11,9739.07131
23,12,8142.243701
23,17,2773.205843
23,18,6174.100928
23,15,3275.022208
23,16,931.5146084
23,21,1339.194604
23,22,478.109855
24,19,15910.83758
24,20,16369.18042
24,25,4223.057617
24,26,12157.28353
24,23,11263.92477
24,29,9611.843212
24,30,6621.046045
24,27,5731.176503
24,28,5516.539794
24,65,11503.73317
24,66,14001.37651
24,63,2796.268728
24,64,8792.554253
24,67,5840.527787
24,68,5152.920173
24,33,6101.569303
24,34,12089.13377
24,31,6823.062682
24,32,6336.229074
24,37,1278.5887
24,38,6371.619111
24,35,12292.71756
24,36,3727.146335
24,41,7647.079746
24,42,7384.975487
24,39,11409.16039
24,40,7707.825429
24,45,8926.63508
24,46,9574.152003
24,43,8896.022052
24,44,1740.912283
24,49,13716.17139
24,50,12381.7808
24,47,4990.660332
24,48,7062.025351
24,53,8195.345901
24,54,12577.62225
24,51,10346.68304
24,52,8006.391808
24,57,10703.89014
24,58,4486.032118
24,55,12574.65676
24,56,8382.635015
24,61,5248.317102
24,62,3813.740094
24,59,6763.49873
24,60,4067.154566
24,1,14568.59331
24,2,13725.60155
24,0,11394.40636
24,5,1131.234027
24,6,6069.863529
24,3,2839.051851
24,4,2434.146811
24,9,7458.0711
24,10,9675.346916
24,7,13172.9185
24,8,7019.666596
24,13,11204.61713
24,14,14302.81958
24,11,2935.30659
24,12,4310.76156
24,17,8522.106225
24,18,17097.07469
24,15,14538.93974
24,16,10463.39744
24,21,10506.60353
24,22,10885.10554
25,19,20079.78181
25,20,20445.11087
25,26,16254.84931
25,23,15325.83836
25,24,4223.057617
25,29,13523.82065
25,30,10251.36126
25,27,1521.975402
25,28,1411.079275
25,65,15609.16335
25,66,18086.33593
25,63,1435.695273
25,64,12981.99751
25,67,9311.349155
25,68,8721.375269
25,33,10281.85606
25,34,16101.88576
25,31,10622.84984
25,32,10483.45574
25,37,5123.653297
25,38,2152.29733
25,35,16278.1306
25,36,7866.869891
25,41,11536.88964
25,42,11442.11658
25,39,15542.07467
25,40,11685.26874
25,45,12877.92032
25,46,13690.50559
25,43,12928.16035
25,44,5914.004739
25,49,17736.32301
25,50,16453.12153
25,47,8001.299523
25,48,10567.33505
25,53,12249.86407
25,54,16686.97676
25,51,14269.95736
25,52,11776.06819
25,57,14731.08174
25,58,8236.28781
25,55,16425.51
25,56,12293.01222
25,61,9397.258708
25,62,1127.343641
25,59,10692.21404
25,60,8218.124397
25,1,18651.72518
25,2,17838.99702
25,0,15232.22007
25,5,4469.437151
25,6,10061.75643
25,3,7021.998705
25,4,5975.081926
25,9,11636.89769
25,10,13822.04497
25,7,17200.93549
25,8,11163.85142
25,13,15121.527
25,14,18344.85948
25,11,5887.039723
25,12,7604.163742
25,17,12633.10582
25,18,21266.21091
25,15,18590.98215
25,16,14568.28409
25,21,14457.83639
25,22,14921.6593
26,19,4018.276351
26,20,4216.035234
26,25,16254.84931
26,23,1014.706691
26,24,12157.28353
26,29,3193.312178
26,30,6577.463063
26,27,17774.85413
26,28,17621.28488
26,65,658.8531639
26,66,1847.721129
26,63,14830.48958
26,64,3622.206443
26,67,7594.136145
26,68,7923.220221
26,33,6114.411958
26,34,1021.437624
26,31,5942.525615
26,32,5830.889011
26,37,11132.06632
26,38,18388.99572
26,35,1308.83398
26,36,8430.269619
26,41,4954.856096
26,42,4816.37139
26,39,892.2435974
26,40,4656.470626
26,45,3602.901233
26,46,2587.068819
26,43,3372.117539
26,44,10416.37419
26,49,1814.961761
26,50,406.0174875
26,47,9197.90649
26,48,6611.637566
26,53,4014.646231
26,54,458.6230418
26,51,2588.997558
26,52,5046.105348
26,57,1698.364224
26,58,8160.110364
26,55,2552.102621
26,56,4232.639723
26,61,6913.554239
26,62,15970.39023
26,59,5671.958146
26,60,8091.278237
26,1,2414.609558
26,2,1594.87531
26,0,2681.50117
26,5,11791.4161
26,6,6219.235893
26,3,9326.265007
26,4,10355.97072
26,9,4798.78501
26,10,2553.309617
26,7,1320.345036
26,8,5149.981091
26,13,2145.993331
26,14,2246.791683
26,11,10719.19859
26,12,9138.342931
26,17,3635.203115
26,18,5165.52819
26,15,2442.002916
26,16,1694.171164
26,21,2306.767214
26,22,1490.151309
27,19,21601.59903
27,20,21962.69522
27,25,1521.975402
27,26,17774.85413
27,23,16843.48646
27,24,5731.176503
27,29,15027.22783
27,30,11728.10382
27,28,474.3826354
27,65,17129.73528
27,66,19605.11653
27,63,2956.01961
27,64,14502.01116
27,67,10773.22801
27,68,10199.79507
27,33,11802.30726
27,34,17614.56894
27,31,12118.88688
27,32,12005.35877
27,37,6644.782963
27,38,648.8378771
27,35,17787.6816
27,36,9388.553959
27,41,13040.85104
27,42,12961.08255
27,39,17063.7878
27,40,13197.84534
27,45,14386.56263
27,46,15211.85291
27,43,14444.46612
27,44,7432.615272
27,49,19249.04071
27,50,17971.192
27,47,9416.131566
27,48,12025.25128
27,53,13768.2387
27,54,18207.60875
27,51,15773.82227
27,52,13265.09382
27,57,16245.92842
27,58,9736.530591
27,55,17917.08548
27,56,13797.96867
27,61,10919.02603
27,62,2176.744241
27,59,12201.64293
27,60,9739.597947
27,1,20170.25445
27,2,19359.71346
27,0,16723.5026
27,5,5986.032767
27,6,11577.41698
27,3,8540.901394
27,4,7477.314122
27,9,13157.70322
27,10,15344.01883
27,7,18714.71598
27,8,12685.81337
27,13,16623.66901
27,14,19859.67485
27,11,7342.522918
27,12,9061.96514
27,17,14154.41116
27,18,22788.04389
27,15,20106.72765
27,16,16088.99746
27,21,15964.83161
27,22,16437.27838
28,19,21419.17282
28,20,21819.16973
28,25,1411.079275
28,26,17621.28488
28,23,16700.76896
28,24,5516.539794
28,29,14920.32404
28,30,11660.61367
28,27,474.3826354
28,65,16972.92769
28,66,19457.14168
28,63,2794.763892
28,64,14306.81707
28,67,10722.33746
28,68,10130.52859
28,33,11611.35221
28,34,17486.98294
28,31,12025.20103
28,32,11828.65582
28,37,6492.090731
28,38,1015.633166
28,35,17667.66594
28,36,9210.233497
28,41,12933.42018
28,42,12814.3643
28,39,16896.57536
28,40,13071.76248
28,45,14269.34075
28,46,15049.61802
28,43,14307.20114
28,44,7238.758386
28,49,19121.05126
28,50,17826.55149
28,47,9406.963012
28,48,11978.3995
28,53,13623.68672
28,54,18050.10502
28,51,15665.90514
28,52,13181.51057
28,57,16112.66345
28,58,9636.889776
28,55,17829.17946
28,56,13688.43564
28,61,10740.37716
28,62,1828.838071
28,59,12083.41735
28,60,9558.384348
28,1,20023.25509
28,2,19201.35016
28,0,16636.16765
28,5,5854.918383
28,6,11443.43265
28,3,8346.111858
28,4,7375.690755
28,9,12968.05642
28,10,15170.17459
28,7,18583.95438
28,8,12510.96381
28,13,16518.76994
28,14,19725.72767
28,11,7297.966966
28,12,9015.238103
28,17,13993.01929
28,18,22605.68566
28,15,19969.87484
28,16,15931.56274
28,21,15850.70938
28,22,16301.61392
29,19,7193.106537
29,20,7067.864295
29,25,13523.82065
29,26,3193.312178
29,23,2184.66083
29,24,9611.843212
29,30,3465.401902
29,27,15027.22783
29,28,14920.32404
29,65,2716.600942
29,66,4810.00792
29,63,12130.99191
29,64,2940.644567
29,67,4491.420254
29,68,4911.557858
29,33,4097.117633
29,34,2678.489155
29,31,2927.363701
29,32,3686.607165
29,37,8466.26597
29,38,15618.30931
29,35,2792.949394
29,36,5973.431826
29,41,1986.976745
29,42,2411.832561
29,39,2917.504368
29,40,1929.984257
29,45,724.3532787
29,46,1837.846075
29,43,1141.037931
29,44,7904.042608
29,49,4282.836168
29,50,3222.156836
29,47,6084.747263
29,48,3434.099429
29,53,1738.573258
29,54,3647.709699
29,51,746.9306003
29,52,1887.75245
29,57,1500.983545
29,58,5291.41636
29,55,2975.915951
29,56,1233.439449
29,61,4610.833179
29,62,13371.31795
29,59,2850.971225
29,60,5680.778834
29,1,5344.658684
29,2,4715.687985
29,0,1831.630023
29,5,9069.58694
29,6,3549.486431
29,3,6891.580389
29,4,7550.050001
29,9,3202.103769
29,10,2251.315786
29,7,3777.024179
29,8,3144.920932
29,13,1599.07456
29,14,4925.009635
29,11,7781.312757
29,12,6121.865346
29,17,1957.829873
29,18,8315.107572
29,15,5189.837651
29,16,2006.069154
29,21,964.8098788
29,22,1706.556217
30,19,10595.29896
30,20,10531.52843
30,25,10251.36126
30,26,6577.463063
30,23,5565.918472
30,24,6621.046045
30,29,3465.401902
30,27,11728.10382
30,28,11660.61367
30,65,6016.321709
30,66,8268.262291
30,63,8904.560268
30,64,4537.527416
30,67,1026.027452
30,68,1530.107695
30,33,3167.276804
30,34,6143.812262
30,31,765.4966158
30,32,2822.744968
30,37,5377.103043
30,38,12297.28358
30,35,6249.44736
30,36,3479.689312
30,41,1669.261034
30,42,2419.918732
30,39,6107.479481
30,40,2126.283474
30,45,2975.277371
30,46,4394.85176
30,43,3317.877296
30,44,5060.305485
30,49,7741.790969
30,50,6658.486154
30,47,2624.574846
30,48,603.4424901
30,53,2908.281328
30,54,7036.018906
30,51,4194.268177
30,52,1587.794839
30,57,4891.74207
30,58,2137.660241
30,55,6211.686168
30,56,2346.736265
30,61,2865.546218
30,62,10222.94285
30,59,1374.795595
30,60,3340.150046
30,1,8807.753704
30,2,8144.898234
30,0,5021.219443
30,5,5887.806256
30,6,1674.534434
30,3,4276.047709
30,4,4323.24075
30,9,3580.730117
30,10,4721.662524
30,7,7241.630828
30,8,2982.920791
30,13,5003.672444
30,14,8387.874651
30,11,4398.657142
30,12,2694.849497
30,17,3537.608932
30,18,11739.7019
30,15,8654.029343
30,16,5076.218274
30,21,4429.914782
30,22,5099.721061
31,19,9951.689303
31,20,9977.065007
31,25,10622.84984
31,26,5942.525615
31,23,4939.953708
31,24,6823.062682
31,29,2927.363701
31,30,765.4966158
31,27,12118.88688
31,28,12025.20103
31,65,5358.964017
31,66,7678.104387
31,63,9244.696548
31,64,3772.039566
31,67,1683.888554
31,68,1993.205824
31,33,2582.669074
31,34,5582.860184
31,32,2196.071873
31,37,5623.657721
31,38,12703.91929
31,35,5717.399889
31,36,3404.016227
31,41,987.6704708
31,42,1656.433441
31,39,5424.561156
31,40,1382.51132
31,45,2353.423488
31,46,3670.601275
31,43,2620.320889
31,44,5176.782623
31,49,7203.296128
31,50,6051.574242
31,47,3275.867316
31,48,1203.691799
31,53,2160.37323
31,54,6399.570813
31,51,3672.767428
31,52,1183.580629
31,57,4279.76152
31,58,2389.90945
31,55,5804.681773
31,56,1728.50286
31,61,2473.409385
31,62,10519.95423
31,59,646.398984
31,60,3194.715854
31,1,8227.127288
31,2,7525.340442
31,0,4612.473282
31,5,6192.034776
31,6,1174.586159
31,3,4275.598812
31,4,4649.757277
31,9,2841.548891
31,10,3982.993606
31,7,6687.884106
31,8,2262.775122
31,13,4512.750637
31,14,7838.887417
31,11,4854.079582
31,12,3209.297916
31,17,2782.077004
31,18,11107.46047
31,15,8099.635124
31,16,4389.584688
31,21,3884.747871
31,22,4485.116012
32,19,9596.550004
32,20,10046.81371
32,25,10483.45574
32,26,5830.889011
32,23,4973.452993
32,24,6336.229074
32,29,3686.607165
32,30,2822.744968
32,27,12005.35877
32,28,11828.65582
32,65,5174.50467
32,66,7678.159222
32,63,9050.407315
32,64,2548.937272
32,67,3307.196855
32,68,3120.550105
32,33,438.5904898
32,34,5852.095143
32,31,2196.071873
32,37,5371.527164
32,38,12630.78269
32,35,6092.373726
32,36,2618.471277
32,41,2184.690885
32,42,1279.431535
32,39,5072.983864
32,40,1862.403666
32,45,2963.961606
32,46,3243.935538
32,43,2716.160033
32,44,4597.26291
32,49,7451.505587
32,50,6073.865009
32,47,4565.79921
32,48,3371.469095
32,53,2003.134104
32,54,6244.989204
32,51,4335.464746
32,52,2877.259568
32,57,4470.131068
32,58,2882.219015
32,55,6601.717927
32,56,2636.338805
32,61,1088.670165
32,62,10149.59698
32,59,1576.684166
32,60,2271.162057
32,1,8245.29807
32,2,7390.904109
32,0,5508.463115
32,5,6059.07594
32,6,1188.105793
32,3,3499.095471
32,4,4754.293126
32,9,1204.006408
32,10,3341.680001
32,7,6903.920409
32,8,683.4375675
32,13,5160.58631
32,14,8011.640124
32,11,5320.707981
32,12,4106.09219
32,17,2202.925235
32,18,10782.89871
32,15,8237.801398
32,16,4137.457893
32,21,4424.187839
32,22,4633.25602
33,19,9809.392191
33,20,10327.74429
33,25,10281.85606
33,26,6114.411958
33,23,5289.735852
33,24,6101.569303
33,29,4097.117633
33,30,3167.276804
33,27,11802.30726
33,28,11611.35221
33,65,5455.799129
33,66,7961.464567
33,63,8846.458919
33,64,2700.948979
33,67,3559.534734
33,68,3295.079697
33,34,6188.263077
33,31,2582.669074
33,32,438.5904898
33,37,5195.743214
33,38,12432.9285
33,35,6439.146447
33,36,2426.787775
33,41,2622.043715
33,42,1702.263676
33,39,5328.764592
33,40,2297.56364
33,45,3377.272601
33,46,3532.723067
33,43,3094.450862
33,44,4372.779572
33,49,7771.729028
33,50,6374.4882
33,47,4715.389781
33,48,3734.22366
33,53,2389.954859
33,54,6517.051397
33,51,4730.169463
33,52,3311.59342
33,57,4814.7058
33,58,2953.680261
33,55,6989.471248
33,56,3069.354401
33,61,932.857569
33,62,9908.301773
33,59,1982.660184
33,60,2071.901891
33,1,8527.5861
33,2,7655.455858
33,0,5911.290071
33,5,5895.165158
33,6,1497.130308
33,3,3265.283507
33,4,4662.849833
33,9,1356.770324
33,10,3588.93798
33,7,7223.806885
33,8,997.4054995
33,13,5544.992813
33,14,8317.932325
33,11,5288.279211
33,12,4192.394898
33,17,2519.153044
33,18,10995.71422
33,15,8537.826849
33,16,4427.907868
33,21,4806.837342
33,22,4969.938227
34,19,4618.588332
34,20,4394.522404
34,25,16101.88576
34,26,1021.437624
34,23,965.5852254
34,24,12089.13377
34,29,2678.489155
34,30,6143.812262
34,27,17614.56894
34,28,17486.98294
34,65,1223.617956
34,66,2148.013385
34,63,14692.34784
34,64,3963.935111
34,67,7169.839663
34,68,7575.079448
34,33,6188.263077
34,31,5582.860184
34,32,5852.095143
34,37,11000.87548
34,38,18216.0296
34,35,341.0630347
34,36,8377.968376
34,41,4611.940623
34,42,4706.431154
34,39,1621.031365
34,40,4416.754654
34,45,3243.047203
34,46,2724.045223
34,43,3193.15543
34,44,10355.11801
34,49,1634.477022
34,50,750.7580995
34,47,8762.614974
34,48,6092.191159
34,53,3898.436084
34,54,1313.573362
34,51,1964.261235
34,52,4564.257449
34,57,1387.560352
34,58,7904.979366
34,55,1555.072582
34,56,3856.602658
34,61,6902.462283
34,62,15886.90451
34,59,5417.127429
34,60,8054.703043
34,1,2669.769828
34,2,2135.258564
34,0,1726.40069
34,5,11633.48337
34,6,6044.419367
34,3,9291.640737
34,4,10146.78158
34,9,4956.399264
34,10,2845.131351
34,7,1105.83289
34,8,5193.798024
34,13,1291.279699
34,14,2257.117592
34,11,10429.69666
34,12,8789.359974
34,17,3670.867904
34,18,5694.991112
34,15,2516.783773
34,16,1896.442977
34,21,1714.783001
34,22,1219.03942
35,19,4654.18825
35,20,4285.780669
35,25,16278.1306
35,26,1308.83398
35,23,1284.811821
35,24,12292.71756
35,29,2792.949394
35,30,6249.44736
35,27,17787.6816
35,28,17667.66594
35,65,1563.728739
35,66,2135.425537
35,63,14873.96088
35,64,4273.324958
35,67,7274.251894
35,68,7704.334868
35,33,6439.146447
35,34,341.0630347
35,31,5717.399889
35,32,6092.373726
35,37,11188.65555
35,38,18385.07167
35,36,8591.997132
35,41,4759.179409
35,42,4921.025624
35,39,1959.576925
35,40,4597.830337
35,45,3401.456726
35,46,3012.755477
35,43,3405.999604
35,44,10562.93461
35,49,1492.447565
35,50,978.0085497
35,47,8858.030488
35,48,6165.808836
35,53,4118.555742
35,54,1534.955692
35,51,2055.342353
35,52,4662.990303
35,57,1624.443835
35,58,8062.9935
35,55,1243.436531
35,56,4000.728357
35,61,7131.020733
35,62,16082.84002
35,59,5586.120432
35,60,8273.556692
35,1,2620.173551
35,2,2203.63894
35,0,1603.742098
35,5,11812.75739
35,6,6233.351046
35,3,9508.250047
35,4,10313.40534
35,9,5230.014569
35,10,3155.679141
35,7,1015.86586
35,8,5442.412929
35,13,1285.959949
35,14,2142.650295
35,11,10570.99468
35,12,8914.739125
35,17,3928.822775
35,18,5695.153895
35,15,2413.024077
35,16,2209.375279
35,21,1832.761751
35,22,1478.387577
36,19,12213.17859
36,20,12642.12741
36,25,7866.869891
36,26,8430.269619
36,23,7540.016617
36,24,3727.146335
36,29,5973.431826
36,30,3479.689312
36,27,9388.553959
36,28,9210.233497
36,65,7777.132835
36,66,10274.23888
36,63,6432.990582
36,64,5125.52857
36,67,3125.223762
36,68,2473.079271
36,33,2426.787775
36,34,8377.968376
36,31,3404.016227
36,32,2618.471277
36,37,2768.960778
36,38,10015.74112
36,35,8591.997132
36,41,4070.979981
36,42,3672.071082
36,39,7688.46881
36,40,4045.745833
36,45,5267.340434
36,46,5848.25609
36,43,5187.098984
36,44,1986.280228
36,49,9999.818824
36,50,8655.760854
36,47,3407.125369
36,48,4049.857267
36,53,4479.661063
36,54,8851.740669
36,51,6691.862963
36,52,4551.586494
36,57,6990.744548
36,58,1691.899963
36,55,8949.347335
36,56,4766.188954
36,61,1530.693327
36,62,7540.152322
36,59,3177.452848
36,60,355.2193341
36,1,10841.46216
36,2,10000.6747
36,0,7790.088669
36,5,3469.540489
36,6,2437.170244
36,3,919.2013004
36,4,2342.849332
36,9,3775.037551
36,10,5959.95094
36,7,9455.015553
36,8,3300.780446
36,13,7546.65275
36,14,10580.45369
36,11,3107.35758
36,12,2632.464501
36,17,4795.191658
36,18,13399.66588
36,15,10814.61605
36,16,6736.527686
36,21,6832.333057
36,22,7168.303269
37,19,14965.75624
37,20,15327.14266
37,25,5123.653297
37,26,11132.06632
37,23,10208.68648
37,24,1278.5887
37,29,8466.26597
37,30,5377.103043
37,27,6644.782963
37,28,6492.090731
37,65,10485.69825
37,66,12965.79411
37,63,3698.890759
37,64,7893.780148
37,67,4570.554427
37,68,3890.006031
37,33,5195.743214
37,34,11000.87548
37,31,5623.657721
37,32,5371.527164
37,38,7264.486368
37,35,11188.65555
37,36,2768.960778
37,41,6485.720501
37,42,6322.35753
37,39,10419.73141
37,40,6590.900618
37,45,7798.439599
37,46,8567.093979
37,43,7816.554986
37,44,1004.003929
37,49,12634.0077
37,50,11334.53747
37,47,3731.298429
37,48,5800.845503
37,53,7131.596266
37,54,11563.45324
37,51,9207.920727
37,52,6802.933342
37,57,9623.362942
37,58,3253.932732
37,55,11410.25875
37,56,7232.976312
37,61,4291.100292
37,62,4905.525038
37,59,5616.855454
37,60,3123.890295
37,1,13531.69454
37,2,12715.41356
37,0,10223.10069
37,5,713.2792762
37,6,4956.728609
37,3,2005.864163
37,4,1160.281007
37,9,6542.212306
37,10,8703.802861
37,7,12095.31348
37,8,6048.723114
37,13,10064.61098
37,14,13235.30614
37,11,1782.880038
37,12,3034.497302
37,17,7509.637822
37,18,16151.72443
37,15,13478.4791
37,16,9444.723073
37,21,9381.709836
37,22,9811.118338
38,19,22227.3039
38,20,22571.32416
38,25,2152.29733
38,26,18388.99572
38,23,17452.75204
38,24,6371.619111
38,29,15618.30931
38,30,12297.28358
38,27,648.8378771
38,28,1015.633166
38,65,17745.48061
38,66,20216.28918
38,63,3587.849991
38,64,15133.38556
38,67,11332.33608
38,68,10771.59784
38,33,12432.9285
38,34,18216.0296
38,31,12703.91929
38,32,12630.78269
38,37,7264.486368
38,35,18385.07167
38,36,10015.74112
38,41,13633.18648
38,42,13573.51019
38,39,17684.05407
38,40,13800.10095
38,45,14983.61863
38,46,15830.43997
38,43,15051.81868
38,44,8066.215324
38,49,19850.30892
38,50,18581.1093
38,47,9946.982717
38,48,12580.33382
38,53,14379.33939
38,54,18823.43933
38,51,16365.17714
38,52,13843.30225
38,57,16850.69432
38,58,10326.96345
38,55,18495.82393
38,56,14391.08288
38,61,11545.59892
38,62,2813.065258
38,59,12800.32178
38,60,10367.64167
38,1,20780.86007
38,2,19975.71498
38,0,17302.32289
38,5,6597.585423
38,6,12184.46873
38,3,9174.111778
38,4,8071.701608
38,9,13787.4876
38,10,15967.36855
38,7,19317.54889
38,8,13310.29311
38,13,17212.99086
38,14,20463.89259
38,11,7902.832596
38,12,9620.481296
38,17,14772.93918
38,18,23413.59799
38,15,20712.36857
38,16,16705.26735
38,21,16559.58037
38,22,17043.19272
39,19,4578.230945
39,20,5015.666973
39,25,15542.07467
39,26,892.2435974
39,23,945.1872464
39,24,11409.16039
39,29,2917.504368
39,30,6107.479481
39,27,17063.7878
39,28,16896.57536
39,65,403.4117531
39,66,2668.593762
39,63,14112.26648
39,64,2762.678005
39,67,7102.776062
39,68,7369.528086
39,33,5328.764592
39,34,1621.031365
39,31,5424.561156
39,32,5072.983864
39,37,10419.73141
39,38,17684.05407
39,35,1959.576925
39,36,7688.46881
39,41,4446.571364
39,42,4148.579486
39,40,4079.749175
39,45,3163.096683
39,46,1858.298536
39,43,2805.114148
39,44,9670.146039
39,49,2707.100326
39,50,1271.067685
39,47,8700.298513
39,48,6214.955323
39,53,3373.920988
39,54,1210.66554
39,51,2478.642335
39,52,4650.203525
39,57,1485.085823
39,58,7539.028228
39,55,3153.717309
39,56,3775.243983
39,61,6161.306211
39,62,15222.30585
39,59,5082.002238
39,60,7343.520355
39,1,3226.508165
39,2,2328.419901
39,0,2957.75056
39,5,11091.65303
39,6,5567.091604
39,3,8571.251925
39,4,9691.863031
39,9,3990.796869
39,10,1740.036376
39,7,2204.792692
39,8,4389.559238
39,13,2336.606525
39,14,3122.41683
39,11,10104.8148
39,12,8574.993867
39,17,2913.790827
39,18,5756.662686
39,15,3302.541033
39,16,1035.224316
39,21,2204.712577
39,22,1319.860279
40,19,8638.385026
40,20,8781.028664
40,25,11685.26874
40,26,4656.470626
40,23,3678.009935
40,24,7707.825429
40,29,1929.984257
40,30,2126.283474
40,27,13197.84534
40,28,13071.76248
40,65,4046.47631
40,66,6443.391408
40,63,10277.48239
40,64,2480.2224
40,67,3061.939162
40,68,3289.781656
40,33,2297.56364
40,34,4416.754654
40,31,1382.51132
40,32,1862.403666
40,37,6590.900618
40,38,13800.10095
40,35,4597.830337
40,36,4045.745833
40,41,550.0283157
40,42,640.5073386
40,39,4079.749175
40,45,1222.408403
40,46,2292.727548
40,43,1286.177573
40,44,5988.953416
40,49,6051.231464
40,50,4805.518383
40,47,4640.642484
40,48,2415.318372
40,53,782.1915214
40,54,5108.148075
40,51,2647.004286
40,52,1213.913055
40,57,3053.497475
40,58,3509.036927
40,55,4904.987258
40,56,777.4332067
40,61,2695.100564
40,62,11487.76301
40,59,1015.771655
40,60,3750.840347
40,1,7002.698179
40,2,6250.294525
40,0,3756.329922
40,5,7217.401889
40,6,1638.556291
40,3,4964.557393
40,4,5733.898493
40,9,1863.170239
40,10,2600.543887
40,7,5517.448777
40,8,1494.243789
40,13,3503.314751
40,14,6664.36201
40,11,6063.296199
40,12,4497.054307
40,17,1417.594462
40,18,9805.182698
40,15,6914.812144
40,16,3046.154979
40,21,2798.786088
40,22,3249.673927
41,19,8964.64896
41,20,9003.447649
41,25,11536.88964
41,26,4954.856096
41,23,3952.844091
41,24,7647.079746
41,29,1986.976745
41,30,1669.261034
41,27,13040.85104
41,28,12933.42018
41,65,4372.989352
41,66,6695.558835
41,63,10144.5351
41,64,3024.049822
41,67,2656.40727
41,68,2975.230798
41,33,2622.043715
41,34,4611.940623
41,31,987.6704708
41,32,2184.690885
41,37,6485.720501
41,38,13633.18648
41,35,4759.179409
41,36,4070.979981
41,42,1116.586405
41,39,4446.571364
41,40,550.0283157
41,45,1371.960537
41,46,2729.508097
41,43,1649.280705
41,44,5956.168074
41,49,6238.661509
41,50,5066.511743
41,47,4256.310917
41,48,1892.703883
41,53,1294.031289
41,54,5411.914339
41,51,2733.126677
41,52,712.8314235
41,57,3295.222669
41,58,3306.519254
41,55,4928.400308
41,56,758.6209373
41,61,2853.984951
41,62,11391.22202
41,59,894.5107813
41,60,3806.637099
41,1,7246.625935
41,2,6538.200208
41,0,3747.701982
41,5,7083.537049
41,6,1637.75856
41,3,4979.643845
41,4,5563.542415
41,9,2379.15161
41,10,3068.227809
41,7,5717.756527
41,8,1943.87728
41,13,3585.428987
41,14,6869.057235
41,11,5817.759834
41,12,4191.97406
41,17,1937.295693
41,18,10119.82796
41,15,7127.493195
41,16,3412.886206
41,21,2928.443273
41,22,3499.835437
42,19,8726.369269
42,20,9004.80573
42,25,11442.11658
42,26,4816.37139
42,23,3887.043924
42,24,7384.975487
42,29,2411.832561
42,30,2419.918732
42,27,12961.08255
42,28,12814.3643
42,65,4177.361885
42,66,6644.223707
42,63,10021.08481
42,64,2128.307052
42,67,3239.20165
42,68,3331.623926
42,33,1702.263676
42,34,4706.431154
42,31,1656.433441
42,32,1279.431535
42,37,6322.35753
42,38,13573.51019
42,35,4921.025624
42,36,3672.071082
42,41,1116.586405
42,39,4148.579486
42,40,640.5073386
42,45,1687.802593
42,46,2294.728118
42,43,1515.221208
42,44,5649.158182
42,49,6331.287386
42,50,5012.189292
42,47,4751.417906
42,48,2818.032097
42,53,810.8655863
42,54,5254.524372
42,51,3079.581904
42,52,1822.382973
42,57,3319.76137
42,58,3401.376162
42,55,5350.883741
42,56,1380.621519
42,61,2225.682889
42,62,11188.6443
42,59,1080.655164
42,60,3352.673923
42,1,7209.74637
42,2,6406.504236
42,0,4239.261851
42,5,6976.071692
42,6,1419.418724
42,3,4587.388968
42,4,5547.058348
42,9,1268.062994
42,10,2518.172751
42,7,5787.974412
42,8,853.7391867
42,13,3918.794103
42,14,6920.326502
42,11,5964.681759
42,12,4497.224226
42,17,1265.293315
42,18,9905.185715
42,15,7159.856984
42,16,3141.67207
42,21,3189.072797
42,22,3500.145171
43,19,7353.400594
43,20,7519.707068
43,25,12928.16035
43,26,3372.117539
43,23,2403.81782
43,24,8896.022052
43,29,1141.037931
43,30,3317.877296
43,27,14444.46612
43,28,14307.20114
43,65,2760.435462
43,66,5171.000429
43,63,11512.59921
43,64,1876.950281
43,67,4301.294598
43,68,4570.438517
43,33,3094.450862
43,34,3193.15543
43,31,2620.320889
43,32,2716.160033
43,37,7816.554986
43,38,15051.81868
43,35,3405.999604
43,36,5187.098984
43,41,1649.280705
43,42,1515.221208
43,39,2805.114148
43,40,1286.177573
43,45,631.2702833
43,46,1113.285545
43,44,7162.164289
43,49,4821.540765
43,50,3533.057246
43,47,5896.149522
43,48,3486.065674
43,53,716.4481638
43,54,3822.694267
43,51,1653.391629
43,52,1975.570527
43,57,1808.645759
43,58,4788.578718
43,55,3896.383147
43,56,1060.448846
43,61,3729.873279
43,62,12695.50506
43,59,2300.501488
43,60,4867.560527
43,1,5733.095861
43,2,4966.660121
43,0,2850.286182
43,5,8458.849795
43,6,2867.359415
43,3,6102.608754
43,4,6997.178936
43,9,2079.319664
43,10,1496.091573
43,7,4280.315262
43,8,2106.00151
43,13,2450.934178
43,14,5418.758162
43,11,7347.156362
43,12,5780.789114
43,17,819.8978441
43,18,8519.20225
43,15,5662.995429
43,16,1769.894313
43,21,1712.527655
43,22,1994.563374
44,19,14180.66262
44,20,14628.39776
44,25,5914.004739
44,26,10416.37419
44,23,9524.612053
44,24,1740.912283
44,29,7904.042608
44,30,5060.305485
44,27,7432.615272
44,28,7238.758386
44,65,9762.899535
44,66,12260.5153
44,63,4478.365865
44,64,7070.364782
44,67,4397.121916
44,68,3686.74501
44,33,4372.779572
44,34,10355.11801
44,31,5176.782623
44,32,4597.26291
44,37,1004.003929
44,38,8066.215324
44,35,10562.93461
44,36,1986.280228
44,41,5956.168074
44,42,5649.158182
44,39,9670.146039
44,40,5988.953416
44,45,7210.468078
44,46,7833.476779
44,43,7162.164289
44,49,11980.18232
44,50,10641.54645
44,47,3911.600717
44,48,5553.181447
44,53,6458.854869
44,54,10836.98626
44,51,8633.635431
44,52,6357.799464
44,57,8968.874199
44,58,2938.388514
44,55,10874.86667
44,56,6680.440709
44,61,3508.842652
44,62,5554.347342
44,59,5065.518914
44,60,2326.919486
44,1,12827.74085
44,2,11985.27018
44,0,9701.632151
44,5,1693.002302
44,6,4355.092233
44,3,1108.368563
44,4,1513.685796
44,9,5729.3875
44,10,7937.879683
44,7,11436.2388
44,8,5280.634746
44,13,9491.067841
44,14,12564.27427
44,11,2384.918743
44,12,3119.372935
44,17,6781.204107
44,18,15367.14259
44,15,12799.52215
44,16,8722.505909
44,21,8786.372689
44,22,9148.671888
45,19,7620.193041
45,20,7632.255043
45,25,12877.92032
45,26,3602.901233
45,23,2593.413426
45,24,8926.63508
45,29,724.3532787
45,30,2975.277371
45,27,14386.56263
45,28,14269.34075
45,65,3045.439658
45,66,5324.837789
45,63,11476.63852
45,64,2503.058329
45,67,3991.364787
45,68,4345.524335
45,33,3377.272601
45,34,3243.047203
45,31,2353.423488
45,32,2963.961606
45,37,7798.439599
45,38,14983.61863
45,35,3401.456726
45,36,5267.340434
45,41,1371.960537
45,42,1687.802593
45,39,3163.096683
45,40,1222.408403
45,46,1668.059193
45,43,631.2702833
45,44,7210.468078
45,49,4873.153756
45,50,3698.848331
45,47,5595.095572
45,48,3051.86136
45,53,1050.976465
45,54,4061.327424
45,51,1424.674869
45,52,1489.292074
45,57,1926.978941
45,58,4663.74715
45,55,3687.399672
45,56,629.9892424
45,61,3889.097765
45,62,12699.89683
45,59,2185.943073
45,60,4969.307665
45,1,5874.957302
45,2,5177.090221
45,0,2554.89198
45,5,8414.716096
45,6,2856.994423
45,3,6186.341887
45,4,6911.972401
45,9,2544.931096
45,10,2074.319645
45,7,4348.753289
45,8,2436.408089
45,13,2280.982493
45,14,5499.825789
45,11,7188.08105
45,12,5562.130607
45,17,1406.48989
45,18,8767.182242
45,15,5757.05487
45,16,2151.811458
45,21,1583.272898
45,22,2133.127692
46,19,6433.144866
46,20,6803.099195
46,25,13690.50559
46,26,2587.068819
46,23,1781.510766
46,24,9574.152003
46,29,1837.846075
46,30,4394.85176
46,27,15211.85291
46,28,15049.61802
46,65,1930.667502
46,66,4434.609278
46,63,12262.36985
46,64,1324.386495
46,67,5353.387498
46,68,5563.319145
46,33,3532.723067
46,34,2724.045223
46,31,3670.601275
46,32,3243.935538
46,37,8567.093979
46,38,15830.43997
46,35,3012.755477
46,36,5848.25609
46,41,2729.508097
46,42,2294.728118
46,39,1858.298536
46,40,2292.727548
46,45,1668.059193
46,43,1113.285545
46,44,7833.476779
46,49,4255.521141
46,50,2842.548774
46,47,6932.642977
46,48,4592.760532
46,53,1542.932363
46,54,3003.522216
46,51,1934.350142
46,52,3088.364202
46,57,1452.873918
46,58,5693.074422
46,55,3828.944982
46,56,2173.111031
46,61,4327.779954
46,62,13387.81198
46,59,3265.709487
46,60,5507.131984
46,1,5001.635551
46,2,4152.792732
46,0,3026.997566
46,5,9235.980803
46,6,3714.146817
46,3,6740.692706
46,4,7833.986714
46,9,2245.525928
46,10,417.2104537
46,7,3708.901038
46,8,2562.947422
46,13,2460.658721
46,14,4787.230593
46,11,8257.986228
46,12,6756.973758
46,17,1057.503518
46,18,7613.564701
46,15,5005.203181
46,16,895.3979068
46,21,1819.336862
46,22,1548.155236
47,19,13214.19363
47,20,13143.48333
47,25,8001.299523
47,26,9197.90649
47,23,8187.975114
47,24,4990.660332
47,29,6084.747263
47,30,2624.574846
47,27,9416.131566
47,28,9406.963012
47,65,8627.466839
47,66,10891.6366
47,63,6758.830234
47,64,6844.258457
47,67,1603.779076
47,68,1454.070423
47,33,4715.389781
47,34,8762.614974
47,31,3275.867316
47,32,4565.79921
47,37,3731.298429
47,38,9946.982717
47,35,8858.030488
47,36,3407.125369
47,41,4256.310917
47,42,4751.417906
47,39,8700.298513
47,40,4640.642484
47,45,5595.095572
47,46,6932.642977
47,43,5896.149522
47,44,3911.600717
47,49,10350.05473
47,50,9283.024301
47,48,2725.459354
47,53,5399.207899
47,54,9656.23647
47,51,6805.926792
47,52,4198.577629
47,57,7515.553244
47,58,1853.72937
47,55,8735.297851
47,56,4965.270464
47,61,3946.003974
47,62,8157.020179
47,59,3689.710105
47,60,3538.409759
47,1,11429.24052
47,2,10768.79586
47,0,7560.005536
47,5,3995.6429
47,6,3476.326208
47,3,3704.003248
47,4,2575.93264
47,9,5655.370558
47,10,7223.388898
47,7,9856.737572
47,8,5020.752735
47,13,7597.649769
47,14,10999.69072
47,11,2182.135296
47,12,821.1432645
47,17,5987.604799
47,18,14362.06675
47,15,11267.68521
47,16,7665.410663
47,21,7047.845617
47,22,7723.339007
48,19,10623.32834
48,20,10449.32112
48,25,10567.33505
48,26,6611.637566
48,23,5597.141866
48,24,7062.025351
48,29,3434.099429
48,30,603.4424901
48,27,12025.25128
48,28,11978.3995
48,65,6085.860821
48,66,8235.874378
48,63,9248.201641
48,64,4887.688878
48,67,1258.074739
48,68,1910.859481
48,33,3734.22366
48,34,6092.191159
48,31,1203.691799
48,32,3371.469095
48,37,5800.845503
48,38,12580.33382
48,35,6165.808836
48,36,4049.857267
48,41,1892.703883
48,42,2818.032097
48,39,6214.955323
48,40,2415.318372
48,45,3051.86136
48,46,4592.760532
48,43,3486.065674
48,44,5553.181447
48,49,7654.101392
48,50,6656.141163
48,47,2725.459354
48,53,3184.717751
48,54,7069.096727
48,51,4127.941164
48,52,1569.19371
48,57,4913.491487
48,58,2614.799759
48,55,6010.059726
48,56,2448.244049
48,61,3467.111814
48,62,10592.67081
48,59,1849.953776
48,60,3925.697152
48,1,8761.620163
48,2,8149.547974
48,0,4835.029079
48,5,6271.772749
48,6,2253.752471
48,3,4819.351949
48,4,4707.922402
48,9,4036.996905
48,10,4948.545528
48,7,7173.516481
48,8,3465.949774
48,13,4892.999768
48,14,8308.018251
48,11,4683.288005
48,12,2963.98627
48,17,3827.226633
48,18,11749.13214
48,15,8578.828764
48,16,5198.926418
48,21,4383.420847
48,22,5121.961836
49,19,3390.594183
49,20,2795.239311
49,25,17736.32301
49,26,1814.961761
49,23,2482.087521
49,24,13716.17139
49,29,4282.836168
49,30,7741.790969
49,27,19249.04071
49,28,19121.05126
49,65,2424.944614
49,66,919.9640986
49,63,16326.36306
49,64,5397.901464
49,67,8766.679276
49,68,9192.637727
49,33,7771.729028
49,34,1634.477022
49,31,7203.296128
49,32,7451.505587
49,37,12634.0077
49,38,19850.30892
49,35,1492.447565
49,36,9999.818824
49,41,6238.661509
49,42,6331.287386
49,39,2707.100326
49,40,6051.231464
49,45,4873.153756
49,46,4255.521141
49,43,4821.540765
49,44,11980.18232
49,50,1454.527144
49,47,10350.05473
49,48,7654.101392
49,53,5521.327699
49,54,1611.261705
49,51,3547.551994
49,52,6155.437226
49,57,3012.902901
49,58,9536.683262
49,55,2074.474953
49,56,5481.366856
49,61,8513.245308
49,62,17517.04344
49,59,7050.816535
49,60,9673.11343
49,1,1227.707774
49,2,1295.259353
49,0,2958.92504
49,5,13267.81286
49,6,7678.010875
49,3,10911.04394
49,4,11780.5877
49,9,6500.704505
49,10,4298.275178
49,7,547.9301908
49,8,6783.792417
49,13,2763.106981
49,14,658.8845879
49,11,12054.94023
49,12,10404.3631
49,17,5254.21514
49,18,4329.202958
49,15,934.7119254
49,16,3373.736493
49,21,3319.840844
49,22,2831.60667
50,19,3977.118302
50,20,3992.619568
50,25,16453.12153
50,26,406.0174875
50,23,1129.247297
50,24,12381.7808
50,29,3222.156836
50,30,6658.486154
50,27,17971.192
50,28,17826.55149
50,65,970.4418614
50,66,1638.211936
50,63,15033.19328
50,64,3946.388069
50,67,7681.292614
50,68,8041.682133
50,33,6374.4882
50,34,750.7580995
50,31,6051.574242
50,32,6073.865009
50,37,11334.53747
50,38,18581.1093
50,35,978.0085497
50,36,8655.760854
50,41,5066.511743
50,42,5012.189292
50,39,1271.067685
50,40,4805.518383
50,45,3698.848331
50,46,2842.548774
50,43,3533.057246
50,44,10641.54645
50,49,1454.527144
50,47,9283.024301
50,48,6656.141163
50,53,4203.347707
50,54,564.2795444
50,51,2562.014405
50,52,5101.820116
50,57,1771.896012
50,58,8314.513648
50,55,2206.809392
50,56,4327.219789
50,61,7149.35171
50,62,16192.09702
50,59,5820.078725
50,60,8321.302965
50,1,2200.271783
50,2,1493.602927
50,0,2474.077509
50,5,11985.23451
50,6,6398.141036
50,3,9558.792345
50,4,10530.23614
50,9,5078.912103
50,10,2854.251695
50,7,935.5716568
50,8,5397.485514
50,13,1999.903678
50,14,1945.277841
50,11,10864.13512
50,12,9258.402253
50,17,3871.090032
50,18,5092.991131
50,15,2164.209381
50,16,1949.196731
50,21,2288.758389
50,22,1566.678834
51,19,6537.981371
51,20,6338.254063
51,25,14269.95736
51,26,2588.997558
51,23,1622.636379
51,24,10346.68304
51,29,746.9306003
51,30,4194.268177
51,27,15773.82227
51,28,15665.90514
51,65,2204.829978
51,66,4109.683778
51,63,12875.96794
51,64,3205.552086
51,67,5219.360826
51,68,5653.700811
51,33,4730.169463
51,34,1964.261235
51,31,3672.767428
51,32,4335.464746
51,37,9207.920727
51,38,16365.17714
51,35,2055.342353
51,36,6691.862963
51,41,2733.126677
51,42,3079.581904
51,39,2478.642335
51,40,2647.004286
51,45,1424.674869
51,46,1934.350142
51,43,1653.391629
51,44,8633.635431
51,49,3547.551994
51,50,2562.014405
51,47,6805.926792
51,48,4127.941164
51,53,2340.765467
51,54,3030.391611
51,52,2608.569359
51,57,993.7188064
51,58,6038.247093
51,55,2271.489554
51,56,1977.57448
51,61,5299.805894
51,62,14112.23644
51,59,3591.160733
51,60,6392.352544
51,1,4633.758513
51,2,4049.927225
51,0,1198.81525
51,5,9814.27553
51,6,4278.887712
51,3,7610.917003
51,4,8296.56485
51,9,3718.523903
51,10,2301.521351
51,7,3051.09041
51,8,3751.696368
51,13,857.9380926
51,14,4194.372332
51,11,8526.112086
51,12,6861.8667
51,17,2401.851405
51,18,7641.026683
51,15,4461.796135
51,16,1749.290829
51,21,283.8672417
51,22,1168.155045
52,19,9061.114286
52,20,8946.81271
52,25,11776.06819
52,26,5046.105348
52,23,4031.398686
52,24,8006.391808
52,29,1887.75245
52,30,1587.794839
52,27,13265.09382
52,28,13181.51057
52,65,4516.676157
52,66,6697.624248
52,63,10407.63203
52,64,3598.870604
52,67,2611.401656
52,68,3079.241314
52,33,3311.59342
52,34,4564.257449
52,31,1183.580629
52,32,2877.259568
52,37,6802.933342
52,38,13843.30225
52,35,4662.990303
52,36,4551.586494
52,41,712.8314235
52,42,1822.382973
52,39,4650.203525
52,40,1213.913055
52,45,1489.292074
52,46,3088.364202
52,43,1975.570527
52,44,6357.799464
52,49,6155.437226
52,50,5101.820116
52,47,4198.577629
52,48,1569.19371
52,53,1843.732642
52,54,5504.08945
52,51,2608.569359
52,57,3349.081531
52,58,3558.822937
52,55,4652.546501
52,56,915.2537584
52,61,3458.838461
52,62,11694.1407
52,59,1437.129036
52,60,4318.232693
52,1,7232.034692
52,2,6593.680841
52,0,3459.021134
52,5,7361.794666
52,6,2179.155906
52,3,5438.73286
52,4,5811.11457
52,9,3074.571479
52,10,3468.101278
52,7,5658.51697
52,8,2656.358351
52,13,3416.419579
52,14,6802.937181
52,11,5960.980447
52,12,4272.602345
52,17,2467.863293
52,18,10193.09848
52,15,7070.076703
52,16,3640.941927
52,21,2849.48869
52,22,3557.71211
53,19,7950.278694
53,20,8195.762211
53,25,12249.86407
53,26,4014.646231
53,23,3077.121796
53,24,8195.345901
53,29,1738.573258
53,30,2908.281328
53,27,13768.2387
53,28,13623.68672
53,65,3381.463918
53,66,5837.040163
53,63,10830.02479
53,64,1755.613948
53,67,3832.756863
53,68,4020.777338
53,33,2389.954859
53,34,3898.436084
53,31,2160.37323
53,32,2003.134104
53,37,7131.596266
53,38,14379.33939
53,35,4118.555742
53,36,4479.661063
53,41,1294.031289
53,42,810.8655863
53,39,3373.920988
53,40,782.1915214
53,45,1050.976465
53,46,1542.932363
53,43,716.4481638
53,44,6458.854869
53,49,5521.327699
53,50,4203.347707
53,47,5399.207899
53,48,3184.717751
53,54,4456.512984
53,51,2340.765467
53,52,1843.732642
53,57,2511.092156
53,58,4165.825256
53,55,4600.721942
53,56,1052.283772
53,61,3014.165734
53,62,11999.49466
53,59,1722.982703
53,60,4156.809165
53,1,6402.016382
53,2,5607.37187
53,0,3527.159827
53,5,7782.524483
53,6,2205.389461
53,3,5393.304999
53,4,6341.887894
53,9,1499.068849
53,10,1826.379956
53,7,4977.604265
53,8,1413.821998
53,13,3157.964559
53,14,6109.461014
53,11,6731.466569
53,12,5214.415799
53,17,643.2904371
53,18,9125.23837
53,15,6349.17651
53,16,2353.135063
53,21,2421.115401
53,22,2689.862846
54,19,3559.653615
54,20,3812.89463
54,25,16686.97676
54,26,458.6230418
54,23,1472.853377
54,24,12577.62225
54,29,3647.709699
54,30,7036.018906
54,27,18207.60875
54,28,18050.10502
54,65,1077.95958
54,66,1458.092534
54,63,15260.90254
54,64,3973.323602
54,67,8052.458918
54,68,8378.796765
54,33,6517.051397
54,34,1313.573362
54,31,6399.570813
54,32,6244.989204
54,37,11563.45324
54,38,18823.43933
54,35,1534.955692
54,36,8851.740669
54,41,5411.914339
54,42,5254.524372
54,39,1210.66554
54,40,5108.148075
54,45,4061.327424
54,46,3003.522216
54,43,3822.694267
54,44,10836.98626
54,49,1611.261705
54,50,564.2795444
54,47,9656.23647
54,48,7069.096727
54,53,4456.512984
54,51,3030.391611
54,52,5504.08945
54,57,2155.605239
54,58,8608.808057
54,55,2746.422676
54,56,4690.999688
54,61,7330.559784
54,62,16391.3087
54,59,6123.157844
54,60,8510.53015
54,1,2017.997005
54,2,1152.317515
54,0,3031.646453
54,5,12226.2617
54,6,6661.887632
54,3,9743.346425
54,4,10798.32464
54,9,5188.922428
54,10,2936.36819
54,7,1206.108319
54,8,5562.442998
54,13,2535.317224
54,14,1935.409169
54,11,11169.53874
54,12,9593.503868
54,17,4057.919828
54,18,4707.980705
54,15,2099.584896
54,16,2118.761143
54,21,2749.847976
54,22,1947.161531
55,19,5464.322198
55,20,4675.994275
55,25,16425.51
55,26,2552.102621
55,23,2338.077059
55,24,12574.65676
55,29,2975.915951
55,30,6211.686168
55,27,17917.08548
55,28,17829.17946
55,65,2750.56407
55,66,2952.441908
55,63,15049.27022
55,64,5148.781
55,67,7209.738314
55,68,7727.814377
55,33,6989.471248
55,34,1555.072582
55,31,5804.681773
55,32,6601.717927
55,37,11410.25875
55,38,18495.82393
55,35,1243.436531
55,36,8949.347335
55,41,4928.400308
55,42,5350.883741
55,39,3153.717309
55,40,4904.987258
55,45,3687.399672
55,46,3828.944982
55,43,3896.383147
55,44,10874.86667
55,49,2074.474953
55,50,2206.809392
55,47,8735.297851
55,48,6010.059726
55,53,4600.721942
55,54,2746.422676
55,51,2271.489554
55,52,4652.546501
55,57,2380.270543
55,58,8194.430423
55,56,4194.485702
55,61,7570.923937
55,62,16314.55363
55,59,5811.919066
55,60,8655.572902
55,1,3299.162804
55,2,3183.613356
55,0,1193.5935
55,5,11994.38102
55,6,6522.888035
55,3,9867.437546
55,4,10454.28615
55,9,5907.757835
55,10,4066.750265
55,7,1864.359371
55,8,6002.277959
55,13,1446.273792
55,14,2685.289399
55,11,10607.76289
55,12,8906.058349
55,17,4574.425079
55,18,6386.695507
55,15,2954.463563
55,16,3171.921312
55,21,2184.716994
55,22,2324.142263
56,19,8249.524341
56,20,8249.863185
56,25,12293.01222
56,26,4232.639723
56,23,3223.400321
56,24,8382.635015
56,29,1233.439449
56,30,2346.736265
56,27,13797.96867
56,28,13688.43564
56,65,3670.559591
56,66,5950.600453
56,63,10898.3978
56,64,2764.438348
56,67,3361.508728
56,68,3721.693603
56,33,3069.354401
56,34,3856.602658
56,31,1728.50286
56,32,2636.338805
56,37,7232.976312
56,38,14391.08288
56,35,4000.728357
56,36,4766.188954
56,41,758.6209373
56,42,1380.621519
56,39,3775.243983
56,40,777.4332067
56,45,629.9892424
56,46,2173.111031
56,43,1060.448846
56,44,6680.440709
56,49,5481.366856
56,50,4327.219789
56,47,4965.270464
56,48,2448.244049
56,53,1052.283772
56,54,4690.999688
56,51,1977.57448
56,52,915.2537584
56,57,2555.671944
56,58,4064.798952
56,55,4194.485702
56,61,3460.322049
56,62,12138.17264
56,59,1619.389485
56,60,4484.700627
56,1,6498.781063
56,2,5806.847999
56,0,3024.957843
56,5,7836.748538
56,6,2331.709155
56,3,5681.630461
56,4,6320.717021
56,9,2480.586547
56,10,2554.518633
56,7,4962.210445
56,8,2217.916117
56,13,2832.394434
56,14,6113.493326
56,11,6573.853753
56,12,4937.744099
56,17,1620.678431
56,18,9397.13978
56,15,6373.012084
56,16,2752.78246
56,21,2169.829237
56,22,2762.297974
57,19,5712.18415
57,20,5727.882643
57,25,14731.08174
57,26,1698.364224
57,23,684.9939707
57,24,10703.89014
57,29,1500.983545
57,30,4891.74207
57,27,16245.92842
57,28,16112.66345
57,65,1228.883829
57,66,3401.429804
57,63,13317.91093
57,64,2768.821814
57,67,5912.752533
57,68,6270.444843
57,33,4814.7058
57,34,1387.560352
57,31,4279.76152
57,32,4470.131068
57,37,9623.362942
57,38,16850.69432
57,35,1624.443835
57,36,6990.744548
57,41,3295.222669
57,42,3319.76137
57,39,1485.085823
57,40,3053.497475
57,45,1926.978941
57,46,1452.873918
57,43,1808.645759
57,44,8968.874199
57,49,3012.902901
57,50,1771.896012
57,47,7515.553244
57,48,4913.491487
57,53,2511.092156
57,54,2155.605239
57,51,993.7188064
57,52,3349.081531
57,58,6557.880141
57,55,2380.270543
57,56,2555.671944
57,61,5515.873345
57,62,14504.14974
57,59,4063.520062
57,60,6667.146725
57,1,3955.694057
57,2,3253.243693
57,0,1710.356572
57,5,10261.70476
57,6,4669.570354
57,3,7904.142237
57,4,8787.180414
57,9,3618.37682
57,10,1693.733107
57,7,2472.094532
57,8,3818.041295
57,13,1084.79497
57,14,3613.797123
57,11,9100.115979
57,12,7487.189421
57,17,2306.613946
57,18,6848.966168
57,15,3861.9267
57,16,877.8981322
57,21,723.4794385
57,22,208.6433319
58,19,12116.09561
58,20,12285.05012
58,25,8236.28781
58,26,8160.110364
58,23,7186.982132
58,24,4486.032118
58,29,5291.41636
58,30,2137.660241
58,27,9736.530591
58,28,9636.889776
58,65,7539.438257
58,66,9952.253737
58,63,6854.84504
58,64,5342.133835
58,67,1501.470063
58,68,803.7109342
58,33,2953.680261
58,34,7904.979366
58,31,2389.90945
58,32,2882.219015
58,37,3253.932732
58,38,10326.96345
58,35,8062.9935
58,36,1691.899963
58,41,3306.519254
58,42,3401.376162
58,39,7539.028228
58,40,3509.036927
58,45,4663.74715
58,46,5693.074422
58,43,4788.578718
58,44,2938.388514
58,49,9536.683262
58,50,8314.513648
58,47,1853.72937
58,48,2614.799759
58,53,4165.825256
58,54,8608.808057
58,51,6038.247093
58,52,3558.822937
58,57,6557.880141
58,55,8194.430423
58,56,4064.798952
58,61,2119.676645
58,62,8135.541729
58,59,2494.866699
58,60,1741.488172
58,1,10510.91363
58,2,9754.911971
58,0,7002.377106
58,5,3803.410672
58,6,1987.373425
58,3,2278.524675
58,4,2261.343201
58,9,4053.39898
58,10,5914.896514
58,7,9009.905744
58,8,3439.623114
58,13,6887.161711
58,14,10160.05192
58,11,2565.787875
58,12,1239.459342
58,17,4664.030767
58,18,13290.6529
58,15,10414.32433
58,16,6518.12149
58,21,6234.282832
58,22,6756.345081
59,19,9648.544163
59,20,9791.235746
59,25,10692.21404
59,26,5671.958146
59,23,4693.180832
59,24,6763.49873
59,29,2850.971225
59,30,1374.795595
59,27,12201.64293
59,28,12083.41735
59,65,5059.420046
59,66,7457.597483
59,63,9290.89938
59,64,3207.884486
59,67,2159.215811
59,68,2297.818668
59,33,1982.660184
59,34,5417.127429
59,31,646.398984
59,32,1576.684166
59,37,5616.855454
59,38,12800.32178
59,35,5586.120432
59,36,3177.452848
59,41,894.5107813
59,42,1080.655164
59,39,5082.002238
59,40,1015.771655
59,45,2185.943073
59,46,3265.709487
59,43,2300.501488
59,44,5065.518914
59,49,7050.816535
59,50,5820.078725
59,47,3689.710105
59,48,1849.953776
59,53,1722.982703
59,54,6123.157844
59,51,3591.160733
59,52,1437.129036
59,57,4063.520062
59,58,2494.866699
59,55,5811.919066
59,56,1619.389485
59,61,2022.428597
59,62,10521.1116
59,60,2918.163715
59,1,8016.051164
59,2,7265.962936
59,0,4636.132767
59,5,6228.899505
59,6,752.1100531
59,3,4085.19439
59,4,4729.774599
59,9,2206.513688
59,10,3537.99939
59,7,6520.593505
59,8,1618.103125
59,13,4448.208824
59,14,7669.542562
59,11,5047.541896
59,12,3494.340817
59,17,2297.924045
59,18,10817.41239
59,15,7922.181549
59,16,4051.443025
59,21,3767.796667
59,22,4261.554223
60,19,11862.83356
60,20,12304.90671
60,25,8218.124397
60,26,8091.278237
60,23,7208.413465
60,24,4067.154566
60,29,5680.778834
60,30,3340.150046
60,27,9739.597947
60,28,9558.384348
60,65,7437.057568
60,66,9936.511239
60,63,6783.745077
60,64,4771.270721
60,67,3089.272839
60,68,2478.794222
60,33,2071.901891
60,34,8054.703043
60,31,3194.715854
60,32,2271.162057
60,37,3123.890295
60,38,10367.64167
60,35,8273.556692
60,36,355.2193341
60,41,3806.637099
60,42,3352.673923
60,39,7343.520355
60,40,3750.840347
60,45,4969.307665
60,46,5507.131984
60,43,4867.560527
60,44,2326.919486
60,49,9673.11343
60,50,8321.302965
60,47,3538.409759
60,48,3925.697152
60,53,4156.809165
60,54,8510.53015
60,51,6392.352544
60,52,4318.232693
60,57,6667.146725
60,58,1741.488172
60,55,8655.572902
60,56,4484.700627
60,61,1182.492044
60,62,7880.892458
60,59,2918.163715
60,1,10503.79066
60,2,9658.473764
60,0,7503.778997
60,5,3824.759806
60,6,2168.940592
60,3,1238.220986
60,4,2675.506307
60,9,3421.411922
60,10,5612.70861
60,7,9127.520336
60,8,2954.296612
60,13,7244.829072
60,14,10249.56322
60,11,3413.007357
60,12,2796.653606
60,17,4456.218585
60,18,13049.36109
60,15,10481.93411
60,16,6397.163715
60,21,6525.850858
60,22,6842.386965
61,19,10682.59588
61,20,11128.59992
61,25,9397.258708
61,26,6913.554239
61,23,6041.474643
61,24,5248.317102
61,29,4610.833179
61,30,2865.546218
61,27,10919.02603
61,28,10740.37716
61,65,6258.305584
61,66,8759.906269
61,63,7963.599944
61,64,3606.535523
61,67,2997.415273
61,68,2594.232755
61,33,932.857569
61,34,6902.462283
61,31,2473.409385
61,32,1088.670165
61,37,4291.100292
61,38,11545.59892
61,35,7131.020733
61,36,1530.693327
61,41,2853.984951
61,42,2225.682889
61,39,6161.306211
61,40,2695.100564
61,45,3889.097765
61,46,4327.779954
61,43,3729.873279
61,44,3508.842652
61,49,8513.245308
61,50,7149.35171
61,47,3946.003974
61,48,3467.111814
61,53,3014.165734
61,54,7330.559784
61,51,5299.805894
61,52,3458.838461
61,57,5515.873345
61,58,2119.676645
61,55,7570.923937
61,56,3460.322049
61,62,9061.932226
61,59,2022.428597
61,60,1182.492044
61,1,9327.171046
61,2,8477.635467
61,0,6442.348326
61,5,4983.984876
61,6,1305.189828
61,3,2412.912756
61,4,3730.103805
61,9,2253.506893
61,10,4430.264667
61,7,7966.528054
61,8,1771.870967
61,13,6143.306357
61,14,9082.388866
61,11,4363.252538
61,12,3352.938253
61,17,3280.005296
61,18,11869.06515
61,15,9311.943457
61,16,5219.436693
61,21,5414.710101
61,22,5686.191239
62,19,19714.16532
62,20,20181.11928
62,25,1127.343641
62,26,15970.39023
62,23,15072.18751
62,24,3813.740094
62,29,13371.31795
62,30,10222.94285
62,27,2176.744241
62,28,1828.838071
62,65,15317.19914
62,66,17813.78932
62,63,1430.088941
62,64,12590.51856
62,67,9336.561488
62,68,8701.554849
62,33,9908.301773
62,34,15886.90451
62,31,10519.95423
62,32,10149.59698
62,37,4905.525038
62,38,2813.065258
62,35,16082.84002
62,36,7540.152322
62,41,11391.22202
62,42,11188.6443
62,39,15222.30585
62,40,11487.76301
62,45,12699.89683
62,46,13387.81198
62,43,12695.50506
62,44,5554.347342
62,49,17517.04344
62,50,16192.09702
62,47,8157.020179
62,48,10592.67081
62,53,11999.49466
62,54,16391.3087
62,51,14112.23644
62,52,11694.1407
62,57,14504.14974
62,58,8135.541729
62,55,16314.55363
62,56,12138.17264
62,61,9061.932226
62,59,10521.1116
62,60,7880.892458
62,1,18380.93941
62,2,17539.33807
62,0,15126.20205
62,5,4336.579149
62,6,9850.063515
62,3,6651.144398
62,4,5899.720607
62,9,11263.47634
62,10,13487.46928
62,7,16975.3222
62,8,10833.01874
62,13,14969.28738
62,14,18108.87173
62,11,5983.346796
62,12,7661.483965
62,17,12335.34315
62,18,20899.83861
62,15,18346.97202
62,16,14276.67798
62,21,14282.94018
62,22,14687.8246
63,19,18646.16882
63,20,19025.74995
63,25,1435.695273
63,26,14830.48958
63,23,13906.97191
63,24,2796.268728
63,29,12130.99191
63,30,8904.560268
63,27,2956.01961
63,28,2794.763892
63,65,14183.34487
63,66,16664.68445
63,64,11546.44259
63,67,7990.134511
63,68,7375.962006
63,33,8846.458919
63,34,14692.34784
63,31,9244.696548
63,32,9050.407315
63,37,3698.890759
63,38,3587.849991
63,35,14873.96088
63,36,6432.990582
63,41,10144.5351
63,42,10021.08481
63,39,14112.26648
63,40,10277.48239
63,45,11476.63852
63,46,12262.36985
63,43,11512.59921
63,44,4478.365865
63,49,16326.36306
63,50,15033.19328
63,47,6758.830234
63,48,9248.201641
63,53,10830.02479
63,54,15260.90254
63,51,12875.96794
63,52,10407.63203
63,57,13317.91093
63,58,6854.84504
63,55,15049.27022
63,56,10898.3978
63,61,7963.599944
63,62,1430.088941
63,59,9290.89938
63,60,6783.745077
63,1,17230.5672
63,2,16412.60507
63,0,13857.15285
63,5,3062.067675
63,6,8648.673224
63,3,5586.312916
63,4,4596.569417
63,9,10201.72086
63,10,12390.09107
63,7,15789.1923
63,8,9731.359828
63,13,13729.87274
63,14,16931.03632
63,11,4598.253402
63,12,6297.200949
63,17,11205.22255
63,18,19832.65278
63,15,17175.39527
63,16,13142.15165
63,21,13058.60651
63,22,13506.9594
64,19,7125.254694
64,20,7768.257571
64,25,12981.99751
64,26,3622.206443
64,23,2999.113276
64,24,8792.554253
64,29,2940.644567
64,30,4537.527416
64,27,14502.01116
64,28,14306.81707
64,65,2978.76038
64,66,5431.025169
64,63,11546.44259
64,67,5363.023734
64,68,5402.103915
64,33,2700.948979
64,34,3963.935111
64,31,3772.039566
64,32,2548.937272
64,37,7893.780148
64,38,15133.38556
64,35,4273.324958
64,36,5125.52857
64,41,3024.049822
64,42,2128.307052
64,39,2762.678005
64,40,2480.2224
64,45,2503.058329
64,46,1324.386495
64,43,1876.950281
64,44,7070.364782
64,49,5397.901464
64,50,3946.388069
64,47,6844.258457
64,48,4887.688878
64,53,1755.613948
64,54,3973.323602
64,51,3205.552086
64,52,3598.870604
64,57,2768.821814
64,58,5342.133835
64,55,5148.781
64,56,2764.438348
64,61,3606.535523
64,62,12590.51856
64,59,3207.884486
64,60,4771.270721
64,1,5987.011905
64,2,5072.002659
64,0,4338.970633
64,5,8589.807011
64,6,3393.777509
64,3,5962.062609
64,4,7302.932821
64,9,1353.129509
64,10,1118.819423
64,7,4862.659634
64,8,1912.134384
64,13,3783.666373
64,14,5868.953521
64,11,7847.839583
64,12,6516.736221
64,17,1143.778578
64,18,8310.180312
64,15,6060.032479
64,16,2067.631009
64,21,3123.481342
64,22,2844.616182
65,19,4594.827791
65,20,4873.40944
65,25,15609.16335
65,26,658.8531639
65,23,598.4973665
65,24,11503.73317
65,29,2716.600942
65,30,6016.321709
65,27,17129.73528
65,28,16972.92769
65,66,2505.807071
65,63,14183.34487
65,64,2978.76038
65,67,7024.827035
65,68,7327.67855
65,33,5455.799129
65,34,1223.617956
65,31,5358.964017
65,32,5174.50467
65,37,10485.69825
65,38,17745.48061
65,35,1563.728739
65,36,7777.132835
65,41,4372.989352
65,42,4177.361885
65,39,403.4117531
65,40,4046.47631
65,45,3045.439658
65,46,1930.667502
65,43,2760.435462
65,44,9762.899535
65,49,2424.944614
65,50,970.4418614
65,47,8627.466839
65,48,6085.860821
65,53,3381.463918
65,54,1077.95958
65,51,2204.829978
65,52,4516.676157
65,57,1228.883829
65,58,7539.438257
65,55,2750.56407
65,56,3670.559591
65,61,6258.305584
65,62,15317.19914
65,59,5059.420046
65,60,7437.057568
65,1,3072.327351
65,2,2230.26119
65,0,2583.221036
65,5,11148.30983
65,6,5586.684417
65,3,8671.200191
65,4,9722.485745
65,9,4140.418706
65,10,1897.846998
65,7,1899.918277
65,8,4493.022621
65,13,1973.151179
65,14,2895.041026
65,11,10102.36444
65,12,8539.966114
65,17,2982.162623
65,18,5758.769391
65,15,3097.091739
65,16,1041.404213
65,21,1923.427058
65,22,1038.152681
66,19,2537.714377
66,20,2368.727103
66,25,18086.33593
66,26,1847.721129
66,23,2767.250437
66,24,14001.37651
66,29,4810.00792
66,30,8268.262291
66,27,19605.11653
66,28,19457.14168
66,65,2505.807071
66,63,16664.68445
66,64,5431.025169
66,67,9293.399086
66,68,9670.305402
66,33,7961.464567
66,34,2148.013385
66,31,7678.104387
66,32,7678.159222
66,37,12965.79411
66,38,20216.28918
66,35,2135.425537
66,36,10274.23888
66,41,6695.558835
66,42,6644.223707
66,39,2668.593762
66,40,6443.391408
66,45,5324.837789
66,46,4434.609278
66,43,5171.000429
66,44,12260.5153
66,49,919.9640986
66,50,1638.211936
66,47,10891.6366
66,48,8235.874378
66,53,5837.040163
66,54,1458.092534
66,51,4109.683778
66,52,6697.624248
66,57,3401.429804
66,58,9952.253737
66,55,2952.441908
66,56,5950.600453
66,61,8759.906269
66,62,17813.78932
66,59,7457.597483
66,60,9936.511239
66,1,567.2840107
66,2,514.2113276
66,0,3715.497047
66,5,13619.55029
66,6,8034.976925
66,3,11172.26659
66,4,12168.10363
66,9,6640.87159
66,10,4389.973175
66,7,1141.297882
66,8,6997.556653
66,13,3411.105115
66,14,662.7151362
66,11,12500.07382
66,12,10886.95486
66,17,5480.406652
66,18,3559.992262
66,15,702.6344371
66,16,3540.776502
66,21,3852.793566
66,22,3199.105155
67,19,11610.48001
67,20,11557.11424
67,25,9311.349155
67,26,7594.136145
67,23,6584.400769
67,24,5840.527787
67,29,4491.420254
67,30,1026.027452
67,27,10773.22801
67,28,10722.33746
67,65,7024.827035
67,66,9293.399086
67,63,7990.134511
67,64,5363.023734
67,68,711.4961418
67,33,3559.534734
67,34,7169.839663
67,31,1683.888554
67,32,3307.196855
67,37,4570.554427
67,38,11332.33608
67,35,7274.251894
67,36,3125.223762
67,41,2656.40727
67,42,3239.20165
67,39,7102.776062
67,40,3061.939162
67,45,3991.364787
67,46,5353.387498
67,43,4301.294598
67,44,4397.121916
67,49,8766.679276
67,50,7681.292614
67,47,1603.779076
67,48,1258.074739
67,53,3832.756863
67,54,8052.458918
67,51,5219.360826
67,52,2611.401656
67,57,5912.752533
67,58,1501.470063
67,55,7209.738314
67,56,3361.508728
67,61,2997.415273
67,62,9336.561488
67,59,2159.215811
67,60,3089.272839
67,1,9833.52467
67,2,9165.903944
67,0,6023.378093
67,5,5021.195954
67,6,2128.037766
67,3,3778.758877
67,4,3460.582442
67,9,4268.348061
67,10,5658.916637
67,7,8267.47373
67,8,3638.272185
67,13,6024.576838
67,14,9413.37024
67,11,3430.817558
67,12,1711.88144
67,17,4439.823344
67,18,12758.44833
67,15,9679.764163
67,16,6068.61706
67,21,5455.892707
67,22,6120.381935
68,19,11922.4047
68,20,11969.54437
68,25,8721.375269
68,26,7923.220221
68,23,6925.969831
68,24,5152.920173
68,29,4911.557858
68,30,1530.107695
68,27,10199.79507
68,28,10130.52859
68,65,7327.67855
68,66,9670.305402
68,63,7375.962006
68,64,5402.103915
68,67,711.4961418
68,33,3295.079697
68,34,7575.079448
68,31,1993.205824
68,32,3120.550105
68,37,3890.006031
68,38,10771.59784
68,35,7704.334868
68,36,2473.079271
68,41,2975.230798
68,42,3331.623926
68,39,7369.528086
68,40,3289.781656
68,45,4345.524335
68,46,5563.319145
68,43,4570.438517
68,44,3686.74501
68,49,9192.637727
68,50,8041.682133
68,47,1454.070423
68,48,1910.859481
68,53,4020.777338
68,54,8378.796765
68,51,5653.700811
68,52,3079.241314
68,57,6270.444843
68,58,803.7109342
68,55,7727.814377
68,56,3721.693603
68,61,2594.232755
68,62,8701.554849
68,59,2297.818668
68,60,2478.794222
68,1,10220.08254
68,2,9510.632285
68,0,6535.099913
68,5,4370.846742
68,6,2023.235811
68,3,3080.587905
68,4,2805.113001
68,9,4201.394738
68,10,5831.85607
68,7,8679.632283
68,8,3566.92943
68,13,6483.392877
68,14,9830.318995
68,11,2881.741896
68,12,1216.744578
68,17,4584.781693
68,18,13084.32051
68,15,10091.82391
68,16,6335.764883
68,21,5872.868398
68,22,6475.005421
